"","gene"
"1","ENSDARG00000076182,stat1b,9,protein_coding"
"2","ENSDARG00000000241,slc40a1,9,protein_coding"
"3","ENSDARG00000000796,nr4a1,23,protein_coding"
"4","ENSDARG00000000631,ptpn4a,9,protein_coding"
"5","ENSDARG00000000935,unk,12,protein_coding"
"6","ENSDARG00000001313,g2e3,17,protein_coding"
"7","ENSDARG00000001452,adam8a,13,protein_coding"
"8","ENSDARG00000001558,kifc1,19,protein_coding"
"9","ENSDARG00000011188,acvr2aa,9,protein_coding"
"10","ENSDARG00000000730,slc6a13,6,protein_coding"
"11","ENSDARG00000018956,tmem39b,13,protein_coding"
"12","ENSDARG00000010752,acsl4b,5,protein_coding"
"13","ENSDARG00000016783,srsf6b,11,protein_coding"
"14","ENSDARG00000003307,stx16,6,protein_coding"
"15","ENSDARG00000005108,oclna,10,protein_coding"
"16","ENSDARG00000006235,brms1la,17,protein_coding"
"17","ENSDARG00000021991,erlin1,13,protein_coding"
"18","ENSDARG00000070787,jupa,11,protein_coding"
"19","ENSDARG00000025094,edem1,6,protein_coding"
"20","ENSDARG00000010619,themis,20,protein_coding"
"21","ENSDARG00000006683,arhgef6,14,protein_coding"
"22","ENSDARG00000037030,casz1,23,protein_coding"
"23","ENSDARG00000034871,mid2,14,protein_coding"
"24","ENSDARG00000009868,dcaf11,24,protein_coding"
"25","ENSDARG00000018742,psme4b,12,protein_coding"
"26","ENSDARG00000016263,zdhhc5a,1,protein_coding"
"27","ENSDARG00000037838,unkl,3,protein_coding"
"28","ENSDARG00000056490,SSBP4,,"
"29","ENSDARG00000004830,flot2a,5,protein_coding"
"30","ENSDARG00000005115,calub,18,protein_coding"
"31","ENSDARG00000018263,pdia2,1,protein_coding"
"32","ENSDARG00000004078,acsl4a,14,protein_coding"
"33","ENSDARG00000013655,tpd52l2b,23,protein_coding"
"34","ENSDARG00000019941,hug,11,protein_coding"
"35","ENSDARG00000012747,rer1,8,protein_coding"
"36","ENSDARG00000017905,casp3a,1,protein_coding"
"37","ENSDARG00000010831,churc1,20,protein_coding"
"38","ENSDARG00000012395,mmp13a,10,protein_coding"
"39","ENSDARG00000013144,atp1b1a,6,protein_coding"
"40","ENSDARG00000019137,tram1,24,protein_coding"
"41","ENSDARG00000015623,cecr1b,4,protein_coding"
"42","ENSDARG00000012840,alg9,5,protein_coding"
"43","ENSDARG00000020114,slc20a1a,8,protein_coding"
"44","ENSDARG00000012271,tmem206,17,protein_coding"
"45","ENSDARG00000034852,nt5c2l1,10,protein_coding"
"46","ENSDARG00000019253,rhag,20,protein_coding"
"47","ENSDARG00000005799,smim14,1,protein_coding"
"48","ENSDARG00000002682,tbcela,15,protein_coding"
"49","ENSDARG00000006640,eomesa,19,protein_coding"
"50","ENSDARG00000011611,actr1,10,protein_coding"
"51","ENSDARG00000019098,cd82a,7,protein_coding"
"52","ENSDARG00000006011,klhl42,4,protein_coding"
"53","ENSDARG00000006609,map2k2a,22,protein_coding"
"54","ENSDARG00000026017,xpnpep2,14,protein_coding"
"55","ENSDARG00000034093,dclk2a,1,protein_coding"
"56","ENSDARG00000006900,impdh2,8,protein_coding"
"57","ENSDARG00000077445,hip1ra,10,protein_coding"
"58","ENSDARG00000005015,TSPY2,8,protein_coding"
"59","ENSDARG00000017400,klf1,6,protein_coding"
"60","ENSDARG00000042308,arhgef18b,22,protein_coding"
"61","ENSDARG00000010266,igf2bp3,19,protein_coding"
"62","ENSDARG00000007786,tmx2b,1,protein_coding"
"63","ENSDARG00000017316,bag5,13,protein_coding"
"64","ENSDARG00000011582,sox5,4,protein_coding"
"65","ENSDARG00000018110,pak4,15,protein_coding"
"66","ENSDARG00000075963,mhc1uba,19,protein_coding"
"67","ENSDARG00000013892,sorl1,15,protein_coding"
"68","ENSDARG00000009336,aif1l,5,protein_coding"
"69","ENSDARG00000020761,arrdc2,11,protein_coding"
"70","ENSDARG00000075831,slc7a8a,7,protein_coding"
"71","ENSDARG00000009390,npl,8,protein_coding"
"72","ENSDARG00000010169,myd88,24,protein_coding"
"73","ENSDARG00000016623,si:ch211-195b13.1,19,protein_coding"
"74","ENSDARG00000010312,cp,22,protein_coding"
"75","ENSDARG00000040251,ctsk,16,protein_coding"
"76","ENSDARG00000011777,cttn,18,protein_coding"
"77","ENSDARG00000005463,slc30a1a,20,protein_coding"
"78","ENSDARG00000011897,,7,protein_coding"
"79","ENSDARG00000078042,il10rb,9,protein_coding"
"80","ENSDARG00000009724,rpn2,11,protein_coding"
"81","ENSDARG00000005989,rgl1,8,protein_coding"
"82","ENSDARG00000004211,ccdc106a,16,protein_coding"
"83","ENSDARG00000042477,nr2c2,8,protein_coding"
"84","ENSDARG00000005210,coro2a,1,protein_coding"
"85","ENSDARG00000069752,ckba,13,protein_coding"
"86","ENSDARG00000019062,arpc5b,20,protein_coding"
"87","ENSDARG00000013443,atp6v1ba,17,protein_coding"
"88","ENSDARG00000030012,lrrfip1a,9,protein_coding"
"89","ENSDARG00000004796,mgrn1b,3,protein_coding"
"90","ENSDARG00000043905,rnf14,21,protein_coding"
"91","ENSDARG00000005699,ddx19,11,protein_coding"
"92","ENSDARG00000036414,CU019646.1,7,protein_coding"
"93","ENSDARG00000019117,parvb,25,protein_coding"
"94","ENSDARG00000002336,dlc,15,protein_coding"
"95","ENSDARG00000010745,dnaja2l,18,protein_coding"
"96","ENSDARG00000015686,bmp6,24,protein_coding"
"97","ENSDARG00000019345,mark3a,13,protein_coding"
"98","ENSDARG00000004891,pex19,2,protein_coding"
"99","ENSDARG00000013839,aldh3b1,3,protein_coding"
"100","ENSDARG00000018840,trpc4apa,11,protein_coding"
"101","ENSDARG00000015759,tspan7,14,protein_coding"
"102","ENSDARG00000005468,irf2bp1,18,protein_coding"
"103","ENSDARG00000014572,chpt1,4,protein_coding"
"104","ENSDARG00000011166,cahz,2,protein_coding"
"105","ENSDARG00000020606,nfe2,23,protein_coding"
"106","ENSDARG00000016065,tlr3,1,protein_coding"
"107","ENSDARG00000076225,tha1,12,protein_coding"
"108","ENSDARG00000009106,serinc1,20,protein_coding"
"109","ENSDARG00000011196,dnajc11,23,protein_coding"
"110","ENSDARG00000003383,asb8,23,protein_coding"
"111","ENSDARG00000013726,ap4b1,23,protein_coding"
"112","ENSDARG00000002194,rhd,13,protein_coding"
"113","ENSDARG00000008979,golga1,8,protein_coding"
"114","ENSDARG00000017615,tlx3b,10,protein_coding"
"115","ENSDARG00000018181,dnajc28,9,protein_coding"
"116","ENSDARG00000004836,dnajc5ab,23,protein_coding"
"117","ENSDARG00000006240,slc27a1a,3,protein_coding"
"118","ENSDARG00000015823,vps26b,15,protein_coding"
"119","ENSDARG00000030972,dnaja1,1,protein_coding"
"120","ENSDARG00000018529,lipf,12,protein_coding"
"121","ENSDARG00000008953,pofut1,23,protein_coding"
"122","ENSDARG00000023323,ywhaqb,17,protein_coding"
"123","ENSDARG00000011613,rbm39a,11,protein_coding"
"124","ENSDARG00000018966,cyb5r1,11,protein_coding"
"125","ENSDARG00000006025,tp53i11b,18,protein_coding"
"126","ENSDARG00000012881,slc4a1a,3,protein_coding"
"127","ENSDARG00000052157,il12rb2,6,protein_coding"
"128","ENSDARG00000014361,tmbim4,4,protein_coding"
"129","ENSDARG00000005172,dynll2b,21,protein_coding"
"130","ENSDARG00000015495,klf3,1,protein_coding"
"131","ENSDARG00000015164,mknk2b,8,protein_coding"
"132","ENSDARG00000016059,rab5b,9,protein_coding"
"133","ENSDARG00000008735,atp6ap2,22,protein_coding"
"134","ENSDARG00000010785,thbs1b,20,protein_coding"
"135","ENSDARG00000004473,tbx21,12,protein_coding"
"136","ENSDARG00000021374,cab39l1,14,protein_coding"
"137","ENSDARG00000014329,npm1a,10,protein_coding"
"138","ENSDARG00000019732,mtch2,7,protein_coding"
"139","ENSDARG00000013613,anxa13l,2,protein_coding"
"140","ENSDARG00000013926,slc16a9a,17,protein_coding"
"141","ENSDARG00000005593,rxrga,2,processed_transcript"
"142","ENSDARG00000020442,snx5,13,protein_coding"
"143","ENSDARG00000013087,ndrg3a,11,protein_coding"
"144","ENSDARG00000010423,npsn,7,protein_coding"
"145","ENSDARG00000004311,ldlrap1a,19,protein_coding"
"146","ENSDARG00000020948,gmcl1,10,protein_coding"
"147","ENSDARG00000017860,rgs5b,2,protein_coding"
"148","ENSDARG00000031761,dab2,5,protein_coding"
"149","ENSDARG00000020898,cyb5r4,16,protein_coding"
"150","ENSDARG00000005927,tbc1d17,3,protein_coding"
"151","ENSDARG00000007323,chmp4bb,8,protein_coding"
"152","ENSDARG00000016233,sdr16c5a,2,protein_coding"
"153","ENSDARG00000003902,ctsl.1,17,protein_coding"
"154","ENSDARG00000075021,FAM120A,11,protein_coding"
"155","ENSDARG00000010432,eaf2,9,protein_coding"
"156","ENSDARG00000016573,mroh1,16,protein_coding"
"157","ENSDARG00000016765,scamp3,19,protein_coding"
"158","ENSDARG00000045172,minpp1b,12,protein_coding"
"159","ENSDARG00000037091,asah1a,14,protein_coding"
"160","ENSDARG00000001910,rorab,7,protein_coding"
"161","ENSDARG00000021408,kdelc2,21,protein_coding"
"162","ENSDARG00000011239,ppp1r14aa,5,protein_coding"
"163","ENSDARG00000014793,ehd1b,10,protein_coding"
"164","ENSDARG00000096829,blvrb,18,protein_coding"
"165","ENSDARG00000019791,prmt3,7,protein_coding"
"166","ENSDARG00000014013,lbr,20,protein_coding"
"167","ENSDARG00000019362,ptbp1a,2,protein_coding"
"168","ENSDARG00000015752,zap70,8,protein_coding"
"169","ENSDARG00000004160,reep3b,12,protein_coding"
"170","ENSDARG00000018687,itga2b,3,protein_coding"
"171","ENSDARG00000009851,wdr41,21,protein_coding"
"172","ENSDARG00000002750,phf20a,11,protein_coding"
"173","ENSDARG00000013539,ikzf1,13,protein_coding"
"174","ENSDARG00000004616,mtmr2,5,protein_coding"
"175","ENSDARG00000003584,pla2g7,20,protein_coding"
"176","ENSDARG00000003934,nxnl2,10,protein_coding"
"177","ENSDARG00000017624,krt4,6,protein_coding"
"178","ENSDARG00000017140,zgc:63587,8,protein_coding"
"179","ENSDARG00000015803,smcr8b,1,protein_coding"
"180","ENSDARG00000015575,cyp3c1,3,protein_coding"
"181","ENSDARG00000008816,glud1a,13,protein_coding"
"182","ENSDARG00000003616,arih1,18,protein_coding"
"183","ENSDARG00000006468,grap2a,3,protein_coding"
"184","ENSDARG00000009169,mob1ba,5,protein_coding"
"185","ENSDARG00000003113,ada,23,protein_coding"
"186","ENSDARG00000003216,anxa2a,25,protein_coding"
"187","ENSDARG00000012776,smarca1,5,protein_coding"
"188","ENSDARG00000009430,tmem30c,9,protein_coding"
"189","ENSDARG00000005561,gfm2,5,protein_coding"
"190","ENSDARG00000014333,ormdl1,9,protein_coding"
"191","ENSDARG00000019950,carf,9,protein_coding"
"192","ENSDARG00000033042,ptprja,7,protein_coding"
"193","ENSDARG00000014554,ppp1r3cb,12,protein_coding"
"194","ENSDARG00000006915,arl8ba,6,protein_coding"
"195","ENSDARG00000016745,slc35f6,20,protein_coding"
"196","ENSDARG00000020771,tnr,2,protein_coding"
"197","ENSDARG00000010625,clic2,14,protein_coding"
"198","ENSDARG00000007823,atf3,20,protein_coding"
"199","ENSDARG00000019881,bsg,22,protein_coding"
"200","ENSDARG00000056184,dvl2,7,protein_coding"
"201","ENSDARG00000016470,anxa5b,1,protein_coding"
"202","ENSDARG00000052617,raver1,3,protein_coding"
"203","ENSDARG00000020645,slc7a3a,21,protein_coding"
"204","ENSDARG00000022807,PITPNC1,16,protein_coding"
"205","ENSDARG00000038683,,1,protein_coding"
"206","ENSDARG00000024940,rnf144b,16,protein_coding"
"207","ENSDARG00000022315,atp6v1g1,5,protein_coding"
"208","ENSDARG00000057853,atp6v0ca,3,protein_coding"
"209","ENSDARG00000034817,asah1b,1,protein_coding"
"210","ENSDARG00000011662,chuk,13,protein_coding"
"211","ENSDARG00000030364,angpt1,19,protein_coding"
"212","ENSDARG00000024116,vamp8,5,protein_coding"
"213","ENSDARG00000003754,tspan2a,6,protein_coding"
"214","ENSDARG00000005112,cdh17,16,protein_coding"
"215","ENSDARG00000028583,SLC16A3,,"
"216","ENSDARG00000036774,rgs12b,1,protein_coding"
"217","ENSDARG00000004060,bhlhe40,11,protein_coding"
"218","ENSDARG00000032627,SCYL2,4,protein_coding"
"219","ENSDARG00000032868,pde4ba,6,protein_coding"
"220","ENSDARG00000026048,tsc1a,5,protein_coding"
"221","ENSDARG00000027316,tcp11l2,4,protein_coding"
"222","ENSDARG00000026376,aco1,7,protein_coding"
"223","ENSDARG00000076563,zgc:92249,14,protein_coding"
"224","ENSDARG00000012432,fam76b,5,protein_coding"
"225","ENSDARG00000015807,rab22a,6,protein_coding"
"226","ENSDARG00000033609,map1lc3a,11,protein_coding"
"227","ENSDARG00000004037,cog2,13,protein_coding"
"228","ENSDARG00000015917,rnft1,10,protein_coding"
"229","ENSDARG00000005318,stam2,9,protein_coding"
"230","ENSDARG00000038695,elavl1,2,protein_coding"
"231","ENSDARG00000014866,hprt1l,25,protein_coding"
"232","ENSDARG00000030155,ssbp3b,8,protein_coding"
"233","ENSDARG00000025567,nf2b,21,protein_coding"
"234","ENSDARG00000011605,dennd6b,4,protein_coding"
"235","ENSDARG00000003789,dennd5b,4,protein_coding"
"236","ENSDARG00000019392,stat5a,3,protein_coding"
"237","ENSDARG00000002632,anxa11b,12,protein_coding"
"238","ENSDARG00000033227,lect2l,14,protein_coding"
"239","ENSDARG00000025391,pfdn2,7,protein_coding"
"240","ENSDARG00000005382,prdm9,12,protein_coding"
"241","ENSDARG00000003931,cndp2,19,protein_coding"
"242","ENSDARG00000024398,get4,12,protein_coding"
"243","ENSDARG00000011934,gyg1a,2,protein_coding"
"244","ENSDARG00000029928,ap3m1,13,protein_coding"
"245","ENSDARG00000034160,slc4a1ap,17,protein_coding"
"246","ENSDARG00000015902,stat6,23,protein_coding"
"247","ENSDARG00000027345,mpzl2b,5,protein_coding"
"248","ENSDARG00000003219,bin2a,23,protein_coding"
"249","ENSDARG00000042094,eef2a.1,22,protein_coding"
"250","ENSDARG00000023058,foxo3a,17,protein_coding"
"251","ENSDARG00000002298,ankrd22,12,protein_coding"
"252","ENSDARG00000033361,asl,21,protein_coding"
"253","ENSDARG00000058522,shq1,6,protein_coding"
"254","ENSDARG00000027529,hmox1a,3,protein_coding"
"255","ENSDARG00000034470,aldoab,12,protein_coding"
"256","ENSDARG00000023820,faxdc2,21,protein_coding"
"257","ENSDARG00000023498,gmppab,6,protein_coding"
"258","ENSDARG00000021539,ephb2b,11,protein_coding"
"259","ENSDARG00000007971,cks1b,19,protein_coding"
"260","ENSDARG00000033443,mdm2,4,protein_coding"
"261","ENSDARG00000004377,ppp1r13ba,17,protein_coding"
"262","ENSDARG00000010384,lpar5a,2,protein_coding"
"263","ENSDARG00000007682,ppdpfa,8,protein_coding"
"264","ENSDARG00000030665,TCERG1,,"
"265","ENSDARG00000041060,zgc:92326,15,protein_coding"
"266","ENSDARG00000044613,c1qa,21,protein_coding"
"267","ENSDARG00000037894,ezh1,3,protein_coding"
"268","ENSDARG00000021120,ndc1,2,protein_coding"
"269","ENSDARG00000016255,chmp4ba,6,protein_coding"
"270","ENSDARG00000026680,slc25a14,21,protein_coding"
"271","ENSDARG00000027154,tpd52l2a,8,protein_coding"
"272","ENSDARG00000031776,zgc:92066,3,protein_coding"
"273","ENSDARG00000036848,slc43a2a,15,protein_coding"
"274","ENSDARG00000026726,anxa1a,5,protein_coding"
"275","ENSDARG00000020235,sept9a,3,protein_coding"
"276","ENSDARG00000017086,asb12a,5,protein_coding"
"277","ENSDARG00000008142,stxbp3,23,protein_coding"
"278","ENSDARG00000014588,adcy2b,19,protein_coding"
"279","ENSDARG00000024815,ogfrl2,11,protein_coding"
"280","ENSDARG00000032704,qrsl1,17,protein_coding"
"281","ENSDARG00000032849,ndrg1a,19,protein_coding"
"282","ENSDARG00000031548,ephb3a,2,protein_coding"
"283","ENSDARG00000027461,C3H16orf13,3,protein_coding"
"284","ENSDARG00000044902,atp2b4,11,protein_coding"
"285","ENSDARG00000006514,her6,6,protein_coding"
"286","ENSDARG00000016526,gata3,4,protein_coding"
"287","ENSDARG00000028067,bnip3lb,10,protein_coding"
"288","ENSDARG00000034541,tgfbr2,16,protein_coding"
"289","ENSDARG00000024631,NLRC5,18,protein_coding"
"290","ENSDARG00000028389,rab44,6,protein_coding"
"291","ENSDARG00000006257,vldlr,10,protein_coding"
"292","ENSDARG00000021975,ginm1,20,protein_coding"
"293","ENSDARG00000009208,prkcda,6,protein_coding"
"294","ENSDARG00000073843,myo9ab,25,protein_coding"
"295","ENSDARG00000020328,plekha6,11,protein_coding"
"296","ENSDARG00000016494,ddc,16,protein_coding"
"297","ENSDARG00000003927,cldn12,16,protein_coding"
"298","ENSDARG00000019861,fgl2a,4,protein_coding"
"299","ENSDARG00000033437,rps6ka1,17,protein_coding"
"300","ENSDARG00000007711,rab3il1,25,protein_coding"
"301","ENSDARG00000006526,fn1b,1,protein_coding"
"302","ENSDARG00000012381,hsc70,15,protein_coding"
"303","ENSDARG00000006029,lta4h,4,protein_coding"
"304","ENSDARG00000093182,eif2ak1,12,protein_coding"
"305","ENSDARG00000028401,rhogc,5,protein_coding"
"306","ENSDARG00000024540,tspan36,8,protein_coding"
"307","ENSDARG00000030775,sybl1,14,protein_coding"
"308","ENSDARG00000033596,polr2c,25,protein_coding"
"309","ENSDARG00000006849,asic2,3,protein_coding"
"310","ENSDARG00000022303,higd1a,2,protein_coding"
"311","ENSDARG00000018283,cyba,18,protein_coding"
"312","ENSDARG00000016835,tcirg1a,1,protein_coding"
"313","ENSDARG00000007108,lipia,21,protein_coding"
"314","ENSDARG00000024828,tmem134,1,protein_coding"
"315","ENSDARG00000028327,gmfb,13,protein_coding"
"316","ENSDARG00000019521,mpx,10,protein_coding"
"317","ENSDARG00000025033,stx5a,14,protein_coding"
"318","ENSDARG00000023999,heatr5a,17,protein_coding"
"319","ENSDARG00000030440,rsrp1,13,protein_coding"
"320","ENSDARG00000029609,macrod1,14,protein_coding"
"321","ENSDARG00000033916,si:ch211-243j20.2,20,protein_coding"
"322","ENSDARG00000006546,ak4,6,protein_coding"
"323","ENSDARG00000058352,acot9.1,24,protein_coding"
"324","ENSDARG00000030656,sept3,1,protein_coding"
"325","ENSDARG00000076171,znf827,1,protein_coding"
"326","ENSDARG00000023394,slc37a2,5,protein_coding"
"327","ENSDARG00000027143,aptx,1,protein_coding"
"328","ENSDARG00000102035,SLC52A1,19,protein_coding"
"329","ENSDARG00000022974,wdr13,8,protein_coding"
"330","ENSDARG00000025338,hagh,3,protein_coding"
"331","ENSDARG00000012972,cfl1l,13,protein_coding"
"332","ENSDARG00000029019,epb41b,16,protein_coding"
"333","ENSDARG00000059054,pdk2b,19,protein_coding"
"334","ENSDARG00000021702,pdcd4a,1,protein_coding"
"335","ENSDARG00000015551,fth1a,7,protein_coding"
"336","ENSDARG00000016541,SASH3,14,protein_coding"
"337","ENSDARG00000023712,mao,9,protein_coding"
"338","ENSDARG00000009087,cd74a,14,protein_coding"
"339","ENSDARG00000020926,creb3l3l,8,protein_coding"
"340","ENSDARG00000035018,thy1,5,protein_coding"
"341","ENSDARG00000058094,ciarta,19,protein_coding"
"342","ENSDARG00000033889,spty2d1,25,protein_coding"
"343","ENSDARG00000028099,sh2d3ca,10,protein_coding"
"344","ENSDARG00000028748,tm9sf3,13,protein_coding"
"345","ENSDARG00000030896,foxq1a,2,protein_coding"
"346","ENSDARG00000025011,synj1,10,protein_coding"
"347","ENSDARG00000006553,rras,3,protein_coding"
"348","ENSDARG00000023713,aqp1a.1,2,protein_coding"
"349","ENSDARG00000027222,adgrg1,7,protein_coding"
"350","ENSDARG00000011672,sema3b,8,protein_coding"
"351","ENSDARG00000027418,trappc4,15,protein_coding"
"352","ENSDARG00000028618,KRT18,,"
"353","ENSDARG00000022983,ccdc28a,17,protein_coding"
"354","ENSDARG00000018179,acvrl1,23,protein_coding"
"355","ENSDARG00000021339,cpa5,25,protein_coding"
"356","ENSDARG00000024017,mamdc1,17,protein_coding"
"357","ENSDARG00000013628,cd164,20,protein_coding"
"358","ENSDARG00000032049,enah,20,protein_coding"
"359","ENSDARG00000038537,gga1,6,protein_coding"
"360","ENSDARG00000003655,tmem59l,22,protein_coding"
"361","ENSDARG00000031683,fosab,20,protein_coding"
"362","ENSDARG00000009131,slc10a4,20,protein_coding"
"363","ENSDARG00000035577,cds2,5,protein_coding"
"364","ENSDARG00000028173,slc4a2a,2,protein_coding"
"365","ENSDARG00000016513,setd3,17,protein_coding"
"366","ENSDARG00000017141,pla2g4ab,20,protein_coding"
"367","ENSDARG00000010181,asap2a,17,protein_coding"
"368","ENSDARG00000006812,wdr26b,20,protein_coding"
"369","ENSDARG00000023062,cyr61,23,protein_coding"
"370","ENSDARG00000010710,msi1,8,protein_coding"
"371","ENSDARG00000056532,serinc2,19,protein_coding"
"372","ENSDARG00000026862,aktip,7,protein_coding"
"373","ENSDARG00000016074,cryz,2,protein_coding"
"374","ENSDARG00000043130,notch2,8,protein_coding"
"375","ENSDARG00000023303,zgc:66427,2,protein_coding"
"376","ENSDARG00000016483,baiap2l2a,3,protein_coding"
"377","ENSDARG00000030716,ing4,19,protein_coding"
"378","ENSDARG00000028957,maff,12,protein_coding"
"379","ENSDARG00000017244,chd6,6,protein_coding"
"380","ENSDARG00000024278,adh8b,13,protein_coding"
"381","ENSDARG00000026655,tspo,6,protein_coding"
"382","ENSDARG00000013968,psap,13,protein_coding"
"383","ENSDARG00000023678,ercc5,1,protein_coding"
"384","ENSDARG00000014803,cryba1l2,1,protein_coding"
"385","ENSDARG00000004588,sox4a,19,protein_coding"
"386","ENSDARG00000015780,ankrd46b,7,protein_coding"
"387","ENSDARG00000031494,prrc2a,19,protein_coding"
"388","ENSDARG00000053113,ly75,11,protein_coding"
"389","ENSDARG00000010948,kif11,17,protein_coding"
"390","ENSDARG00000078289,CABZ01046425.1,22,protein_coding"
"391","ENSDARG00000027199,smad1,1,protein_coding"
"392","ENSDARG00000057053,SGMS1,,"
"393","ENSDARG00000026028,ankrd44,9,protein_coding"
"394","ENSDARG00000014790,g3bp2,1,protein_coding"
"395","ENSDARG00000029510,timm17a,11,protein_coding"
"396","ENSDARG00000020711,rrm2,20,protein_coding"
"397","ENSDARG00000022768,gid8a,8,protein_coding"
"398","ENSDARG00000000767,spi1b,7,protein_coding"
"399","ENSDARG00000032885,C11H1orf158,11,protein_coding"
"400","ENSDARG00000025089,loxl4,13,protein_coding"
"401","ENSDARG00000011545,arrb2b,7,protein_coding"
"402","ENSDARG00000011703,clocka,20,protein_coding"
"403","ENSDARG00000044915,sfmbt1,11,protein_coding"
"404","ENSDARG00000025254,s100a10b,16,protein_coding"
"405","ENSDARG00000025350,prdx2,1,protein_coding"
"406","ENSDARG00000053381,PLPP1,,"
"407","ENSDARG00000029600,wdr32,13,protein_coding"
"408","ENSDARG00000039082,zgc:123010,13,protein_coding"
"409","ENSDARG00000043081,ctsz,6,protein_coding"
"410","ENSDARG00000055792,FOXO4,14,protein_coding"
"411","ENSDARG00000041108,ctsh,18,protein_coding"
"412","ENSDARG00000059079,vps25,12,protein_coding"
"413","ENSDARG00000054172,pgrmc1,21,protein_coding"
"414","ENSDARG00000045706,tspan9b,4,protein_coding"
"415","ENSDARG00000070261,crlf3,3,protein_coding"
"416","ENSDARG00000030782,exoc3l2b,15,protein_coding"
"417","ENSDARG00000045980,cst14b.1,5,protein_coding"
"418","ENSDARG00000036541,rhbdf1a,3,protein_coding"
"419","ENSDARG00000040432,klf2b,19,protein_coding"
"420","ENSDARG00000039215,arrb2a,10,protein_coding"
"421","ENSDARG00000043342,gpx3,14,protein_coding"
"422","ENSDARG00000000324,dcaf8,2,protein_coding"
"423","ENSDARG00000037895,ramp2,3,protein_coding"
"424","ENSDARG00000035770,ube2c,6,protein_coding"
"425","ENSDARG00000059125,prkacbb,2,protein_coding"
"426","ENSDARG00000056378,ifi30,2,protein_coding"
"427","ENSDARG00000055101,hmox2a,22,protein_coding"
"428","ENSDARG00000097250,si:ch211-137j23.9,15,protein_coding"
"429","ENSDARG00000059367,mfap2,22,protein_coding"
"430","ENSDARG00000037537,fam58a,23,protein_coding"
"431","ENSDARG00000020924,MYO1C,,"
"432","ENSDARG00000055585,c1galt1a,23,protein_coding"
"433","ENSDARG00000056331,ahcyl1,8,protein_coding"
"434","ENSDARG00000054755,alox5ap,10,protein_coding"
"435","ENSDARG00000076747,TMCC1,,"
"436","ENSDARG00000055291,rab18a,12,protein_coding"
"437","ENSDARG00000052122,rag1,25,protein_coding"
"438","ENSDARG00000051986,ndufs8a,1,protein_coding"
"439","ENSDARG00000055078,chac2,12,protein_coding"
"440","ENSDARG00000019236,gsr,14,protein_coding"
"441","ENSDARG00000055054,bcl9l,18,protein_coding"
"442","ENSDARG00000038154,isca2,17,protein_coding"
"443","ENSDARG00000042630,hebp2,20,protein_coding"
"444","ENSDARG00000070045,celf4,21,protein_coding"
"445","ENSDARG00000036628,cd74b,21,protein_coding"
"446","ENSDARG00000056499,ca6,23,protein_coding"
"447","ENSDARG00000042816,mmp9,8,protein_coding"
"448","ENSDARG00000045036,cdc42ep4b,12,protein_coding"
"449","ENSDARG00000059294,marco,9,protein_coding"
"450","ENSDARG00000036080,cd81a,7,protein_coding"
"451","ENSDARG00000061120,slc43a2b,10,protein_coding"
"452","ENSDARG00000058728,nudt2,21,protein_coding"
"453","ENSDARG00000059406,raf1b,11,protein_coding"
"454","ENSDARG00000037514,hdac3,14,protein_coding"
"455","ENSDARG00000036966,hsd3b7,3,protein_coding"
"456","ENSDARG00000059327,gata2a,11,protein_coding"
"457","ENSDARG00000057698,ctsd,18,protein_coding"
"458","ENSDARG00000036427,slc3a2a,7,protein_coding"
"459","ENSDARG00000006497,rtn1a,13,protein_coding"
"460","ENSDARG00000042410,rab40b,12,protein_coding"
"461","ENSDARG00000055045,casp3b,14,protein_coding"
"462","ENSDARG00000057789,lyz,24,protein_coding"
"463","ENSDARG00000006010,bmi1a,24,protein_coding"
"464","ENSDARG00000009266,uevld,25,protein_coding"
"465","ENSDARG00000023472,ctnnb2,19,protein_coding"
"466","ENSDARG00000045144,HBZ,12,protein_coding"
"467","ENSDARG00000053990,hmgb2b,23,protein_coding"
"468","ENSDARG00000069734,zgc:92880,3,protein_coding"
"469","ENSDARG00000037153,atp6ap1b,23,protein_coding"
"470","ENSDARG00000042138,selp,20,protein_coding"
"471","ENSDARG00000040178,havcr1,21,protein_coding"
"472","ENSDARG00000026417,ccr12b.2,24,protein_coding"
"473","ENSDARG00000039162,rhebl1,6,protein_coding"
"474","ENSDARG00000038066,kpna2,3,protein_coding"
"475","ENSDARG00000042934,ctgfa,20,protein_coding"
"476","ENSDARG00000045658,msrb3,4,protein_coding"
"477","ENSDARG00000042667,klf2a,22,protein_coding"
"478","ENSDARG00000013031,mta2,7,protein_coding"
"479","ENSDARG00000054823,id3,17,protein_coding"
"480","ENSDARG00000045803,mfge8b,25,protein_coding"
"481","ENSDARG00000051763,sntb2,25,protein_coding"
"482","ENSDARG00000053166,chic1,14,protein_coding"
"483","ENSDARG00000012942,itgb5,9,protein_coding"
"484","ENSDARG00000054058,h1fx,6,protein_coding"
"485","ENSDARG00000045298,wipf2a,11,protein_coding"
"486","ENSDARG00000041959,cxcr4b,9,protein_coding"
"487","ENSDARG00000040380,arhgef1a,19,protein_coding"
"488","ENSDARG00000055429,kat6b,13,protein_coding"
"489","ENSDARG00000053483,zgc:113054,6,protein_coding"
"490","ENSDARG00000069324,vps53,15,protein_coding"
"491","ENSDARG00000053684,aldob,14,protein_coding"
"492","ENSDARG00000055659,gpr161,9,protein_coding"
"493","ENSDARG00000013110,dmtn,10,protein_coding"
"494","ENSDARG00000043746,nrxn3a,17,protein_coding"
"495","ENSDARG00000089362,grn1,19,protein_coding"
"496","ENSDARG00000042725,cebpb,8,protein_coding"
"497","ENSDARG00000032373,rnf145b,21,protein_coding"
"498","ENSDARG00000054688,ITPRIPL2,3,protein_coding"
"499","ENSDARG00000035880,atp6v1c1b,19,protein_coding"
"500","ENSDARG00000041068,got2a,18,protein_coding"
"501","ENSDARG00000055705,f5,9,protein_coding"
"502","ENSDARG00000037928,ddx42,3,protein_coding"
"503","ENSDARG00000052826,runx3,13,protein_coding"
"504","ENSDARG00000040623,fosl2,17,protein_coding"
"505","ENSDARG00000054271,cdkn1bb,25,protein_coding"
"506","ENSDARG00000043019,exoc1,20,protein_coding"
"507","ENSDARG00000037929,strada,3,protein_coding"
"508","ENSDARG00000055092,pora,10,protein_coding"
"509","ENSDARG00000054539,LRP10,7,protein_coding"
"510","ENSDARG00000044194,tcta,6,protein_coding"
"511","ENSDARG00000035532,zgc:110329,5,protein_coding"
"512","ENSDARG00000052429,syngr2a,3,protein_coding"
"513","ENSDARG00000044295,pip5k1ba,10,protein_coding"
"514","ENSDARG00000054032,rab24,21,protein_coding"
"515","ENSDARG00000045493,slc35e3,4,protein_coding"
"516","ENSDARG00000038559,h1f0,24,protein_coding"
"517","ENSDARG00000041799,cx43,20,protein_coding"
"518","ENSDARG00000053155,alg3,2,protein_coding"
"519","ENSDARG00000040881,hnrnph1,14,protein_coding"
"520","ENSDARG00000001879,nav2b,25,protein_coding"
"521","ENSDARG00000039681,samm50l,4,protein_coding"
"522","ENSDARG00000043475,tagapb,20,protein_coding"
"523","ENSDARG00000028148,pax2a,13,protein_coding"
"524","ENSDARG00000035557,gabarapa,5,protein_coding"
"525","ENSDARG00000056065,mov10b.2,8,protein_coding"
"526","ENSDARG00000055753,suv39h1b,8,protein_coding"
"527","ENSDARG00000039222,mpl,6,protein_coding"
"528","ENSDARG00000038822,mrc1b,2,protein_coding"
"529","ENSDARG00000000460,nitr2b,7,protein_coding"
"530","ENSDARG00000041723,TUBB4B,,"
"531","ENSDARG00000057125,pld1b,24,protein_coding"
"532","ENSDARG00000053165,zgc:113377,17,protein_coding"
"533","ENSDARG00000057633,cxcr4a,6,protein_coding"
"534","ENSDARG00000042902,lace1b,20,protein_coding"
"535","ENSDARG00000056795,serpine1,7,protein_coding"
"536","ENSDARG00000042533,gstm.1,8,protein_coding"
"537","ENSDARG00000055186,ccr9a,2,protein_coding"
"538","ENSDARG00000039943,fam46ba,16,protein_coding"
"539","ENSDARG00000044512,ca4c,21,protein_coding"
"540","ENSDARG00000055342,SLC16A13,7,protein_coding"
"541","ENSDARG00000037009,banf1,21,protein_coding"
"542","ENSDARG00000004851,hinfp,5,protein_coding"
"543","ENSDARG00000055560,p2ry8,9,protein_coding"
"544","ENSDARG00000057986,ints8,19,protein_coding"
"545","ENSDARG00000035556,rps6ka3a,5,protein_coding"
"546","ENSDARG00000037884,rab30,15,protein_coding"
"547","ENSDARG00000041592,dcun1d2b,1,protein_coding"
"548","ENSDARG00000045003,vsg1,11,protein_coding"
"549","ENSDARG00000025903,lgals9l1,15,protein_coding"
"550","ENSDARG00000059064,rassf3,4,protein_coding"
"551","ENSDARG00000043126,blf,22,protein_coding"
"552","ENSDARG00000058358,krt8,23,protein_coding"
"553","ENSDARG00000057949,slc43a3b,14,protein_coding"
"554","ENSDARG00000042708,tuba8l,8,protein_coding"
"555","ENSDARG00000040250,si:ch211-132g1.1,1,protein_coding"
"556","ENSDARG00000015563,LPIN3,6,protein_coding"
"557","ENSDARG00000057287,slc25a16,13,protein_coding"
"558","ENSDARG00000056004,sprn,13,protein_coding"
"559","ENSDARG00000042041,tal2,5,protein_coding"
"560","ENSDARG00000055290,mpeg1.1,8,protein_coding"
"561","ENSDARG00000014624,si:dkeyp-94g1.1,2,protein_coding"
"562","ENSDARG00000030694,atp6v1e1b,4,protein_coding"
"563","ENSDARG00000040527,siae,18,protein_coding"
"564","ENSDARG00000033170,sult2st1,12,protein_coding"
"565","ENSDARG00000053938,si:ch211-137j23.8,15,protein_coding"
"566","ENSDARG00000038668,gbp1,2,protein_coding"
"567","ENSDARG00000054155,pcna,10,protein_coding"
"568","ENSDARG00000056985,tpte,10,protein_coding"
"569","ENSDARG00000070545,top1l,11,protein_coding"
"570","ENSDARG00000044038,zbtb2a,17,protein_coding"
"571","ENSDARG00000097011,hbaa1,3,protein_coding"
"572","ENSDARG00000036106,rgs18,2,protein_coding"
"573","ENSDARG00000056717,vars2,19,protein_coding"
"574","ENSDARG00000077126,snrnp70,3,protein_coding"
"575","ENSDARG00000042620,gstr,19,protein_coding"
"576","ENSDARG00000039579,cfd,13,protein_coding"
"577","ENSDARG00000055991,hmbsb,15,protein_coding"
"578","ENSDARG00000056561,asb11,9,protein_coding"
"579","ENSDARG00000056347,rab3aa,2,protein_coding"
"580","ENSDARG00000044155,mafaa,6,protein_coding"
"581","ENSDARG00000077383,anxa11a,13,protein_coding"
"582","ENSDARG00000045989,arf4a,11,protein_coding"
"583","ENSDARG00000051926,plag1,7,protein_coding"
"584","ENSDARG00000035326,nccrp1,5,protein_coding"
"585","ENSDARG00000045636,rbl2,25,protein_coding"
"586","ENSDARG00000040474,snx10b,16,protein_coding"
"587","ENSDARG00000039299,rdh14a,13,protein_coding"
"588","ENSDARG00000043003,pcyt2,22,protein_coding"
"589","ENSDARG00000056245,zgc:162952,5,processed_transcript"
"590","ENSDARG00000044612,c1qb,21,protein_coding"
"591","ENSDARG00000059423,prune2,5,protein_coding"
"592","ENSDARG00000055226,slc7a7,7,protein_coding"
"593","ENSDARG00000040890,fdps,16,protein_coding"
"594","ENSDARG00000053666,myb,23,protein_coding"
"595","ENSDARG00000043468,sytl3,20,protein_coding"
"596","ENSDARG00000039970,cnr2,16,protein_coding"
"597","ENSDARG00000062381,si:ch211-238n5.4,18,protein_coding"
"598","ENSDARG00000033355,PLA2G4C,,"
"599","ENSDARG00000022218,uck1,21,protein_coding"
"600","ENSDARG00000056121,serac1,20,protein_coding"
"601","ENSDARG00000076721,zgc:171686,22,protein_coding"
"602","ENSDARG00000007179,sash1a,20,protein_coding"
"603","ENSDARG00000043457,gapdh,16,protein_coding"
"604","ENSDARG00000037154,hivep3b,16,protein_coding"
"605","ENSDARG00000038909,msl2a,2,protein_coding"
"606","ENSDARG00000058127,hcfc2,4,protein_coding"
"607","ENSDARG00000030094,mal,17,protein_coding"
"608","ENSDARG00000036868,tbpl1,23,protein_coding"
"609","ENSDARG00000043009,fam43a,11,protein_coding"
"610","ENSDARG00000058348,scinlb,2,protein_coding"
"611","ENSDARG00000044183,prkab1a,10,protein_coding"
"612","ENSDARG00000042904,foxo3b,20,protein_coding"
"613","ENSDARG00000052000,cav2,25,protein_coding"
"614","ENSDARG00000045824,zgc:101783,25,protein_coding"
"615","ENSDARG00000026170,hps1,13,protein_coding"
"616","ENSDARG00000044691,ppp1r3b,21,protein_coding"
"617","ENSDARG00000054837,zgc:136870,2,protein_coding"
"618","ENSDARG00000034718,tfpia,9,protein_coding"
"619","ENSDARG00000042751,riok3,24,protein_coding"
"620","ENSDARG00000035913,yars,19,protein_coding"
"621","ENSDARG00000041923,ccl38.6,20,protein_coding"
"622","ENSDARG00000086425,prpf3,16,protein_coding"
"623","ENSDARG00000037409,tmem144a,1,protein_coding"
"624","ENSDARG00000044956,zgc:114123,23,protein_coding"
"625","ENSDARG00000039117,tefa,12,protein_coding"
"626","ENSDARG00000041072,mier1a,6,protein_coding"
"627","ENSDARG00000058853,SASH1,,"
"628","ENSDARG00000057100,zwilch,18,protein_coding"
"629","ENSDARG00000058413,rnaset2l,15,protein_coding"
"630","ENSDARG00000033735,ncf1,5,protein_coding"
"631","ENSDARG00000043361,nck2b,6,protein_coding"
"632","ENSDARG00000055118,mylipb,16,protein_coding"
"633","ENSDARG00000044457,gfi1ab,6,protein_coding"
"634","ENSDARG00000044373,atg4c,6,protein_coding"
"635","ENSDARG00000029722,hmgb2a,1,protein_coding"
"636","ENSDARG00000040224,krcp,7,protein_coding"
"637","ENSDARG00000071876,rell2,14,protein_coding"
"638","ENSDARG00000044254,anxa3b,10,protein_coding"
"639","ENSDARG00000036940,ctssa,19,protein_coding"
"640","ENSDARG00000033089,si:dkeyp-8h9.1,21,processed_transcript"
"641","ENSDARG00000037285,mipa,23,protein_coding"
"642","ENSDARG00000053864,elmsan1b,17,protein_coding"
"643","ENSDARG00000042018,fhl2a,9,protein_coding"
"644","ENSDARG00000059311,dpysl5b,4,protein_coding"
"645","ENSDARG00000056407,irf8,18,protein_coding"
"646","ENSDARG00000054543,samsn1a,15,protein_coding"
"647","ENSDARG00000037421,egr1,14,protein_coding"
"648","ENSDARG00000040080,fli1b,16,protein_coding"
"649","ENSDARG00000077504,si:ch211-103n10.5,8,protein_coding"
"650","ENSDARG00000005414,grapa,3,protein_coding"
"651","ENSDARG00000002971,phc1,16,protein_coding"
"652","ENSDARG00000041040,piga,9,protein_coding"
"653","ENSDARG00000044694,FYB,,"
"654","ENSDARG00000031720,clstn1,23,protein_coding"
"655","ENSDARG00000054250,crbn,6,protein_coding"
"656","ENSDARG00000076539,si:ch211-53m15.1,16,protein_coding"
"657","ENSDARG00000057006,C13H4orf32,13,protein_coding"
"658","ENSDARG00000077069,srgn,13,protein_coding"
"659","ENSDARG00000056976,ifit16,17,protein_coding"
"660","ENSDARG00000043821,klf7b,9,protein_coding"
"661","ENSDARG00000056600,papss2b,12,protein_coding"
"662","ENSDARG00000055540,pfkfb4a,11,protein_coding"
"663","ENSDARG00000043436,si:dkey-5n18.1,20,IG_V_gene"
"664","ENSDARG00000041895,cad,20,protein_coding"
"665","ENSDARG00000059354,glmp,19,protein_coding"
"666","ENSDARG00000092115,eif4a1a,7,protein_coding"
"667","ENSDARG00000045606,alkbh3,25,protein_coding"
"668","ENSDARG00000035715,marcksl1b,19,protein_coding"
"669","ENSDARG00000037646,rgs11,1,protein_coding"
"670","ENSDARG00000036107,txnipa,19,protein_coding"
"671","ENSDARG00000058154,znf385c,3,protein_coding"
"672","ENSDARG00000041685,,15,protein_coding"
"673","ENSDARG00000055857,dopey2,9,protein_coding"
"674","ENSDARG00000075564,fam13a,1,protein_coding"
"675","ENSDARG00000039064,st3gal7,13,protein_coding"
"676","ENSDARG00000057997,tmf1,11,protein_coding"
"677","ENSDARG00000063583,map2k4a,3,protein_coding"
"678","ENSDARG00000045594,si:dkey-14k9.2,4,protein_coding"
"679","ENSDARG00000042341,tmem251,20,protein_coding"
"680","ENSDARG00000076486,acp1,23,protein_coding"
"681","ENSDARG00000045959,csf3r,16,protein_coding"
"682","ENSDARG00000034600,tmem165,20,protein_coding"
"683","ENSDARG00000034309,cox10,12,protein_coding"
"684","ENSDARG00000043548,atg4da,1,protein_coding"
"685","ENSDARG00000058557,il11b,19,protein_coding"
"686","ENSDARG00000058978,BEND2,23,protein_coding"
"687","ENSDARG00000054446,ccdc43,3,protein_coding"
"688","ENSDARG00000038011,cyth4a,3,protein_coding"
"689","ENSDARG00000039577,ptk2bb,20,protein_coding"
"690","ENSDARG00000039458,lhx4,8,protein_coding"
"691","ENSDARG00000055463,lrit3a,14,protein_coding"
"692","ENSDARG00000057708,PHTF1,11,protein_coding"
"693","ENSDARG00000044808,slc4a4b,21,protein_coding"
"694","ENSDARG00000040396,bcl7bb,18,protein_coding"
"695","ENSDARG00000031745,zgc:103599,8,protein_coding"
"696","ENSDARG00000035558,gps2,5,protein_coding"
"697","ENSDARG00000011973,slc35d1a,6,protein_coding"
"698","ENSDARG00000041623,mt2,18,protein_coding"
"699","ENSDARG00000054848,pdk4,19,protein_coding"
"700","ENSDARG00000041776,ndst3,1,protein_coding"
"701","ENSDARG00000042440,p2rx7,8,protein_coding"
"702","ENSDARG00000036040,atg13,7,protein_coding"
"703","ENSDARG00000094646,dyrk2,4,protein_coding"
"704","ENSDARG00000006094,igf2r,20,protein_coding"
"705","ENSDARG00000058672,NUGGC,,"
"706","ENSDARG00000043334,ccdc6a,17,protein_coding"
"707","ENSDARG00000041081,suv420h1,18,protein_coding"
"708","ENSDARG00000056874,lygl1,14,protein_coding"
"709","ENSDARG00000075793,prex1,8,protein_coding"
"710","ENSDARG00000036073,cebpg,7,protein_coding"
"711","ENSDARG00000044212,CR735126.1,19,protein_coding"
"712","ENSDARG00000054616,cldni,3,protein_coding"
"713","ENSDARG00000040295,apoeb,16,protein_coding"
"714","ENSDARG00000054389,rhof,10,protein_coding"
"715","ENSDARG00000036645,rcbtb1,1,protein_coding"
"716","ENSDARG00000052690,arrdc3a,5,protein_coding"
"717","ENSDARG00000057167,eif4g2b,18,protein_coding"
"718","ENSDARG00000040280,FAM84B,,"
"719","ENSDARG00000070957,im:7160594,24,protein_coding"
"720","ENSDARG00000029445,EIF1B,24,protein_coding"
"721","ENSDARG00000035459,spns3,5,protein_coding"
"722","ENSDARG00000059049,FCER2,19,protein_coding"
"723","ENSDARG00000036852,DXO,3,protein_coding"
"724","ENSDARG00000037845,col9a3,23,protein_coding"
"725","ENSDARG00000035330,taf1,5,protein_coding"
"726","ENSDARG00000055120,ctsba,17,protein_coding"
"727","ENSDARG00000088641,grn2,19,protein_coding"
"728","ENSDARG00000042456,MAD2L2,8,protein_coding"
"729","ENSDARG00000058771,nav1b,6,protein_coding"
"730","ENSDARG00000053005,cd22,16,protein_coding"
"731","ENSDARG00000036082,tph1b,7,protein_coding"
"732","ENSDARG00000037190,TRIM29,,"
"733","ENSDARG00000043447,gpr55a,15,protein_coding"
"734","ENSDARG00000038858,setd7,14,protein_coding"
"735","ENSDARG00000058257,slc39a1,7,protein_coding"
"736","ENSDARG00000055504,CD68,7,protein_coding"
"737","ENSDARG00000036637,arl11,1,protein_coding"
"738","ENSDARG00000046054,SLC27A3,10,protein_coding"
"739","ENSDARG00000039535,dapp1,13,protein_coding"
"740","ENSDARG00000056200,abcb9,5,protein_coding"
"741","ENSDARG00000054778,pogza,19,protein_coding"
"742","ENSDARG00000059035,porb,15,protein_coding"
"743","ENSDARG00000054031,mxd4,1,protein_coding"
"744","ENSDARG00000044513,tpst1l,21,protein_coding"
"745","ENSDARG00000034189,oxsr1a,2,protein_coding"
"746","ENSDARG00000042854,ephx1,20,protein_coding"
"747","ENSDARG00000041699,piwil1,8,protein_coding"
"748","ENSDARG00000058237,ssbp3a,2,protein_coding"
"749","ENSDARG00000045661,irf7,25,protein_coding"
"750","ENSDARG00000058270,COLGALT1,,"
"751","ENSDARG00000055338,CAPN1,,"
"752","ENSDARG00000042090,PLA2G4C,,"
"753","ENSDARG00000040265,mpdu1b,7,protein_coding"
"754","ENSDARG00000042658,acad8,15,protein_coding"
"755","ENSDARG00000059020,thap1,5,protein_coding"
"756","ENSDARG00000038123,myl9a,23,protein_coding"
"757","ENSDARG00000037517,slc35c2,23,protein_coding"
"758","ENSDARG00000087393,prr11,10,protein_coding"
"759","ENSDARG00000035596,ISCU,,"
"760","ENSDARG00000045683,ccdc87,4,protein_coding"
"761","ENSDARG00000056026,tprg1,6,protein_coding"
"762","ENSDARG00000045306,slc51a,24,protein_coding"
"763","ENSDARG00000037116,cxcl12a,13,protein_coding"
"764","ENSDARG00000040131,zfyve26,13,protein_coding"
"765","ENSDARG00000043581,gadd45aa,2,protein_coding"
"766","ENSDARG00000009142,ppp1r13bb,20,protein_coding"
"767","ENSDARG00000042925,mfng,22,protein_coding"
"768","ENSDARG00000056007,cyb5d1,7,protein_coding"
"769","ENSDARG00000044074,loxl2b,5,protein_coding"
"770","ENSDARG00000015003,arhgap4b,23,protein_coding"
"771","ENSDARG00000013207,zeb1b,12,protein_coding"
"772","ENSDARG00000038587,CU929150.1,2,protein_coding"
"773","ENSDARG00000038643,alas2,8,protein_coding"
"774","ENSDARG00000056619,arhgap42a,21,protein_coding"
"775","ENSDARG00000055759,efhd2,8,protein_coding"
"776","ENSDARG00000056396,dusp22a,18,protein_coding"
"777","ENSDARG00000055283,id2a,17,protein_coding"
"778","ENSDARG00000055760,srm,23,protein_coding"
"779","ENSDARG00000057368,rps8b,8,protein_coding"
"780","ENSDARG00000036382,ponzr6,7,protein_coding"
"781","ENSDARG00000054363,wu:fd14a06,18,protein_coding"
"782","ENSDARG00000092154,tex264a,6,protein_coding"
"783","ENSDARG00000078459,cux1a,10,protein_coding"
"784","ENSDARG00000088130,si:dkey-30c15.10,18,protein_coding"
"785","ENSDARG00000074183,DGKK,7,protein_coding"
"786","ENSDARG00000036100,eya3,19,protein_coding"
"787","ENSDARG00000012982,nf1a,15,protein_coding"
"788","ENSDARG00000078308,spry2,1,protein_coding"
"789","ENSDARG00000071671,nudt22,14,protein_coding"
"790","ENSDARG00000051746,cecr1a,25,protein_coding"
"791","ENSDARG00000057676,golga7,10,protein_coding"
"792","ENSDARG00000059116,heatr5b,13,protein_coding"
"793","ENSDARG00000041414,bmf2,20,protein_coding"
"794","ENSDARG00000068372,zgc:158427,18,protein_coding"
"795","ENSDARG00000045142,hbz,12,protein_coding"
"796","ENSDARG00000070507,trpc4a,10,protein_coding"
"797","ENSDARG00000032617,fgfrl1a,14,protein_coding"
"798","ENSDARG00000039455,tspan15,13,protein_coding"
"799","ENSDARG00000039863,lifrb,21,protein_coding"
"800","ENSDARG00000036074,cebpa,7,protein_coding"
"801","ENSDARG00000059001,pim2,8,protein_coding"
"802","ENSDARG00000041511,pex10,8,protein_coding"
"803","ENSDARG00000053890,tmem62,17,protein_coding"
"804","ENSDARG00000055075,svila,12,protein_coding"
"805","ENSDARG00000041107,cftr,18,protein_coding"
"806","ENSDARG00000053279,apln,14,protein_coding"
"807","ENSDARG00000040535,CSGALNACT1,,"
"808","ENSDARG00000063050,rc3h2,10,protein_coding"
"809","ENSDARG00000052343,spata18,20,protein_coding"
"810","ENSDARG00000060500,l2hgdh,13,protein_coding"
"811","ENSDARG00000068814,spata2l,18,protein_coding"
"812","ENSDARG00000054789,lysmd1,16,protein_coding"
"813","ENSDARG00000062216,narfl,3,protein_coding"
"814","ENSDARG00000041560,C18H16orf70,18,protein_coding"
"815","ENSDARG00000061159,gltscr1,18,protein_coding"
"816","ENSDARG00000078992,wnk1a,25,protein_coding"
"817","ENSDARG00000062954,clk2a,19,protein_coding"
"818","ENSDARG00000059906,sdc4,6,protein_coding"
"819","ENSDARG00000061717,CYTIP,9,protein_coding"
"820","ENSDARG00000017466,ncam2,9,protein_coding"
"821","ENSDARG00000068621,si:ch211-181d7.3,15,protein_coding"
"822","ENSDARG00000035607,ankle2,5,protein_coding"
"823","ENSDARG00000057286,swap70b,18,protein_coding"
"824","ENSDARG00000062518,ulk1a,8,protein_coding"
"825","ENSDARG00000074059,dlg5a,13,protein_coding"
"826","ENSDARG00000069009,si:ch211-147a11.3,8,protein_coding"
"827","ENSDARG00000004954,grna,3,protein_coding"
"828","ENSDARG00000036722,slc9a3.2,19,protein_coding"
"829","ENSDARG00000078301,C22H6orf89,22,protein_coding"
"830","ENSDARG00000062965,fam45a,13,protein_coding"
"831","ENSDARG00000069998,si:ch211-145b13.6,1,protein_coding"
"832","ENSDARG00000063309,tjp2a,10,protein_coding"
"833","ENSDARG00000062983,fbxo18,4,protein_coding"
"834","ENSDARG00000068868,nap1l4b,7,protein_coding"
"835","ENSDARG00000059680,fscn1a,3,protein_coding"
"836","ENSDARG00000060991,mief1,3,protein_coding"
"837","ENSDARG00000069735,si:ch211-5k11.6,3,protein_coding"
"838","ENSDARG00000069147,pex11b,19,protein_coding"
"839","ENSDARG00000060687,chd2,18,protein_coding"
"840","ENSDARG00000068711,crfb4,9,protein_coding"
"841","ENSDARG00000042004,nfya,11,protein_coding"
"842","ENSDARG00000078233,ctnnd1,1,protein_coding"
"843","ENSDARG00000078887,atp10d,13,protein_coding"
"844","ENSDARG00000043474,atp2b3a,8,protein_coding"
"845","ENSDARG00000074322,si:ch211-194m7.3,25,protein_coding"
"846","ENSDARG00000078014,pacsin2,4,protein_coding"
"847","ENSDARG00000079895,ehbp1l1b,10,protein_coding"
"848","ENSDARG00000038432,actr10,20,protein_coding"
"849","ENSDARG00000060072,abi3a,3,protein_coding"
"850","ENSDARG00000036818,hyal3,8,protein_coding"
"851","ENSDARG00000071724,ankha,24,protein_coding"
"852","ENSDARG00000067566,sftpbb,5,protein_coding"
"853","ENSDARG00000071017,nt5e,20,protein_coding"
"854","ENSDARG00000062873,slc2a11l,10,protein_coding"
"855","ENSDARG00000026704,ftr72,15,protein_coding"
"856","ENSDARG00000088745,,1,protein_coding"
"857","ENSDARG00000067752,pigl,5,protein_coding"
"858","ENSDARG00000008075,illr4,19,protein_coding"
"859","ENSDARG00000042151,skia,8,protein_coding"
"860","ENSDARG00000078754,gra,16,protein_coding"
"861","ENSDARG00000075331,golga4,13,protein_coding"
"862","ENSDARG00000040064,acp6,9,protein_coding"
"863","ENSDARG00000063466,rab43,11,protein_coding"
"864","ENSDARG00000059682,slc43a3a,1,protein_coding"
"865","ENSDARG00000019231,spna2,21,protein_coding"
"866","ENSDARG00000067797,spi1a,25,protein_coding"
"867","ENSDARG00000060257,zranb1a,12,protein_coding"
"868","ENSDARG00000029331,atxn7l3,3,protein_coding"
"869","ENSDARG00000019556,clcn7,3,protein_coding"
"870","ENSDARG00000021309,rhoae,6,protein_coding"
"871","ENSDARG00000079575,aff3,9,protein_coding"
"872","ENSDARG00000074849,rac1a,12,protein_coding"
"873","ENSDARG00000006566,nlk1,3,protein_coding"
"874","ENSDARG00000077249,gmip,3,protein_coding"
"875","ENSDARG00000061603,sorbs2b,14,protein_coding"
"876","ENSDARG00000060830,fam83hb,19,protein_coding"
"877","ENSDARG00000070542,mafbb,11,protein_coding"
"878","ENSDARG00000077666,evi5a,2,protein_coding"
"879","ENSDARG00000055781,ptger3,6,protein_coding"
"880","ENSDARG00000016481,ptpn2a,16,protein_coding"
"881","ENSDARG00000019930,tal1,22,protein_coding"
"882","ENSDARG00000076127,GABRB1,13,protein_coding"
"883","ENSDARG00000061691,qpctla,18,protein_coding"
"884","ENSDARG00000061796,rasgrp4,18,protein_coding"
"885","ENSDARG00000039966,prom1a,14,protein_coding"
"886","ENSDARG00000071461,igl3c3,24,processed_transcript"
"887","ENSDARG00000058366,si:dkey-222f8.3,4,protein_coding"
"888","ENSDARG00000037260,toporsa,1,protein_coding"
"889","ENSDARG00000063663,clp1,14,protein_coding"
"890","ENSDARG00000060442,tmem259,11,protein_coding"
"891","ENSDARG00000060397,hhip,1,protein_coding"
"892","ENSDARG00000069244,si:ch211-244b2.2,4,protein_coding"
"893","ENSDARG00000069966,alox5b.3,15,protein_coding"
"894","ENSDARG00000062226,ino80db,6,protein_coding"
"895","ENSDARG00000026090,adprm,12,protein_coding"
"896","ENSDARG00000044501,viml,2,protein_coding"
"897","ENSDARG00000061736,ank3a,17,protein_coding"
"898","ENSDARG00000057255,emc1,23,protein_coding"
"899","ENSDARG00000063310,oxr1b,19,protein_coding"
"900","ENSDARG00000020239,lpin1,17,protein_coding"
"901","ENSDARG00000071586,tgfbi,14,protein_coding"
"902","ENSDARG00000078142,SPAG9,,"
"903","ENSDARG00000009754,zc3h11a,11,protein_coding"
"904","ENSDARG00000069774,flot2b,15,protein_coding"
"905","ENSDARG00000087187,grip2a,8,protein_coding"
"906","ENSDARG00000060248,FGD4,,"
"907","ENSDARG00000060256,alkbh8,16,protein_coding"
"908","ENSDARG00000073756,slc12a7a,2,protein_coding"
"909","ENSDARG00000054942,lgals2a,3,protein_coding"
"910","ENSDARG00000068006,gck,8,protein_coding"
"911","ENSDARG00000067545,adam19b,14,protein_coding"
"912","ENSDARG00000069027,ADM,,"
"913","ENSDARG00000070047,rgs4,6,protein_coding"
"914","ENSDARG00000069025,si:ch211-283g2.2,5,protein_coding"
"915","ENSDARG00000078508,KCP,18,protein_coding"
"916","ENSDARG00000077052,tnrc18,3,protein_coding"
"917","ENSDARG00000020278,si:dkeyp-120h9.1,19,protein_coding"
"918","ENSDARG00000054251,pqlc3,13,protein_coding"
"919","ENSDARG00000063352,inpp4aa,9,protein_coding"
"920","ENSDARG00000069111,IKZF2,9,protein_coding"
"921","ENSDARG00000075261,timp2b,3,protein_coding"
"922","ENSDARG00000042840,eml1,17,protein_coding"
"923","ENSDARG00000079145,CABZ01077217.1,22,protein_coding"
"924","ENSDARG00000078193,si:ch211-67e16.3,9,protein_coding"
"925","ENSDARG00000060176,trmt10b,7,protein_coding"
"926","ENSDARG00000059965,camsap2b,2,protein_coding"
"927","ENSDARG00000077584,cln6a,7,protein_coding"
"928","ENSDARG00000036893,f13a1b,7,protein_coding"
"929","ENSDARG00000070441,zdhhc17,4,protein_coding"
"930","ENSDARG00000063718,vps72,19,protein_coding"
"931","ENSDARG00000067670,pomt1,5,protein_coding"
"932","ENSDARG00000068436,H3F3A,,"
"933","ENSDARG00000061338,ddx6,18,protein_coding"
"934","ENSDARG00000060937,adnp2a,16,protein_coding"
"935","ENSDARG00000077095,HIPK1,,"
"936","ENSDARG00000009594,nr1d2b,19,protein_coding"
"937","ENSDARG00000038305,VGLL3,9,protein_coding"
"938","ENSDARG00000061417,nub1,24,protein_coding"
"939","ENSDARG00000071498,fhl1a,14,protein_coding"
"940","ENSDARG00000029075,pfkfb4b,6,protein_coding"
"941","ENSDARG00000061908,mfsd12a,2,protein_coding"
"942","ENSDARG00000054973,itsn2b,17,protein_coding"
"943","ENSDARG00000078135,MRC2,3,protein_coding"
"944","ENSDARG00000089087,ba1,3,protein_coding"
"945","ENSDARG00000075192,yme1l1a,24,protein_coding"
"946","ENSDARG00000017180,npc1,2,protein_coding"
"947","ENSDARG00000071626,PTGDS,,"
"948","ENSDARG00000074732,BX682234.1,10,protein_coding"
"949","ENSDARG00000062168,tmem168b,25,protein_coding"
"950","ENSDARG00000069961,il21r.1,3,protein_coding"
"951","ENSDARG00000069662,fgf11a,7,protein_coding"
"952","ENSDARG00000070122,stk11ip,6,protein_coding"
"953","ENSDARG00000029232,FO704779.1,25,protein_coding"
"954","ENSDARG00000071506,mgat5,22,protein_coding"
"955","ENSDARG00000061062,nemp2,9,protein_coding"
"956","ENSDARG00000057577,mbtps2,24,protein_coding"
"957","ENSDARG00000061520,b4galnt1a,23,protein_coding"
"958","ENSDARG00000067795,crfb6,5,protein_coding"
"959","ENSDARG00000059634,thumpd3,6,protein_coding"
"960","ENSDARG00000061023,BORCS6,8,protein_coding"
"961","ENSDARG00000076799,rnd3a,22,protein_coding"
"962","ENSDARG00000069538,gtf3c4,21,protein_coding"
"963","ENSDARG00000070656,si:ch211-69g19.2,16,protein_coding"
"964","ENSDARG00000060322,zgc:153654,2,protein_coding"
"965","ENSDARG00000070844,gamt,11,protein_coding"
"966","ENSDARG00000070668,cd4,16,protein_coding"
"967","ENSDARG00000062362,tpcn1,5,protein_coding"
"968","ENSDARG00000023445,atp2b3b,23,protein_coding"
"969","ENSDARG00000061591,abcb10,13,protein_coding"
"970","ENSDARG00000060510,cul4b,14,protein_coding"
"971","ENSDARG00000063354,abtb1,8,protein_coding"
"972","ENSDARG00000075333,tbc1d25,8,protein_coding"
"973","ENSDARG00000045006,ptprga,11,protein_coding"
"974","ENSDARG00000034424,atp1b2b,5,protein_coding"
"975","ENSDARG00000019564,asap2b,20,protein_coding"
"976","ENSDARG00000044332,zranb2,6,protein_coding"
"977","ENSDARG00000073970,mctp2b,7,protein_coding"
"978","ENSDARG00000069066,nufip2,15,protein_coding"
"979","ENSDARG00000070098,,1,protein_coding"
"980","ENSDARG00000078824,si:ch211-66e2.3,3,protein_coding"
"981","ENSDARG00000079530,si:dkey-17m8.1,16,protein_coding"
"982","ENSDARG00000063252,prcc,19,protein_coding"
"983","ENSDARG00000035985,FAM210A,,"
"984","ENSDARG00000061590,cachd1,6,protein_coding"
"985","ENSDARG00000063069,gripap1,8,protein_coding"
"986","ENSDARG00000063014,dbpa,19,protein_coding"
"987","ENSDARG00000062085,tkfc,7,protein_coding"
"988","ENSDARG00000031228,podxl,4,protein_coding"
"989","ENSDARG00000076398,si:dkey-201l21.4,7,protein_coding"
"990","ENSDARG00000063195,pxk,22,protein_coding"
"991","ENSDARG00000074390,tmem176l.4,16,protein_coding"
"992","ENSDARG00000059781,atcayb,2,protein_coding"
"993","ENSDARG00000062204,sigirr,25,protein_coding"
"994","ENSDARG00000071446,zgc:153659,24,protein_coding"
"995","ENSDARG00000024488,top2a,12,protein_coding"
"996","ENSDARG00000061180,vps45,19,protein_coding"
"997","ENSDARG00000076363,CABZ01077228.1,22,protein_coding"
"998","ENSDARG00000086746,si:ch73-209e20.3,21,protein_coding"
"999","ENSDARG00000040528,lgals3bpb,3,protein_coding"
"1000","ENSDARG00000059933,ppap2b,20,protein_coding"
"1001","ENSDARG00000077372,tfr1b,24,protein_coding"
"1002","ENSDARG00000059672,arhgap6,7,protein_coding"
"1003","ENSDARG00000063126,gusb,5,protein_coding"
"1004","ENSDARG00000070174,PLEKHH3,3,protein_coding"
"1005","ENSDARG00000035961,KCNG2,19,protein_coding"
"1006","ENSDARG00000062476,snapc5,18,protein_coding"
"1007","ENSDARG00000075718,rpz5,16,protein_coding"
"1008","ENSDARG00000013500,abca2,5,protein_coding"
"1009","ENSDARG00000069150,rit1,19,protein_coding"
"1010","ENSDARG00000055945,asph,2,protein_coding"
"1011","ENSDARG00000059817,mtmr12,5,protein_coding"
"1012","ENSDARG00000079752,col6a6,16,protein_coding"
"1013","ENSDARG00000079326,CABIN1,,"
"1014","ENSDARG00000053468,adam10a,7,protein_coding"
"1015","ENSDARG00000061656,ptpdc1a,11,protein_coding"
"1016","ENSDARG00000060366,slc12a9,5,protein_coding"
"1017","ENSDARG00000056605,wbp2,12,protein_coding"
"1018","ENSDARG00000068231,CRACR2A,,"
"1019","ENSDARG00000068681,crfb1,9,protein_coding"
"1020","ENSDARG00000071361,si:ch211-197g15.10,22,protein_coding"
"1021","ENSDARG00000060596,prkaa1,5,protein_coding"
"1022","ENSDARG00000071084,wipf1b,6,protein_coding"
"1023","ENSDARG00000070480,agr2,19,protein_coding"
"1024","ENSDARG00000076075,myh7ba,11,protein_coding"
"1025","ENSDARG00000058538,alcamb,15,protein_coding"
"1026","ENSDARG00000070038,rbp2a,15,protein_coding"
"1027","ENSDARG00000075759,samd4a,17,protein_coding"
"1028","ENSDARG00000061459,RAPGEF2,,"
"1029","ENSDARG00000069630,tat,18,protein_coding"
"1030","ENSDARG00000060946,pip5kl1,5,protein_coding"
"1031","ENSDARG00000069549,zgc:162396,9,protein_coding"
"1032","ENSDARG00000062379,slc35a4,14,protein_coding"
"1033","ENSDARG00000060977,zgc:153018,14,protein_coding"
"1034","ENSDARG00000008322,ambra1a,7,protein_coding"
"1035","ENSDARG00000026926,rom1b,14,protein_coding"
"1036","ENSDARG00000090730,zgc:158446,21,protein_coding"
"1037","ENSDARG00000031731,si:ch73-27e22.6,22,protein_coding"
"1038","ENSDARG00000077326,slc45a4,16,protein_coding"
"1039","ENSDARG00000071413,mier2,22,protein_coding"
"1040","ENSDARG00000079843,si:dkey-234i14.9,25,protein_coding"
"1041","ENSDARG00000073726,zbtb32,15,protein_coding"
"1042","ENSDARG00000070698,kbtbd8,11,protein_coding"
"1043","ENSDARG00000060149,ablim1a,13,protein_coding"
"1044","ENSDARG00000071261,BX248496.1,23,protein_coding"
"1045","ENSDARG00000068981,glceb,7,protein_coding"
"1046","ENSDARG00000018159,ano10b,25,protein_coding"
"1047","ENSDARG00000069996,dnajb14,1,protein_coding"
"1048","ENSDARG00000074854,sh2d1ab,14,protein_coding"
"1049","ENSDARG00000060457,pmp22b,12,protein_coding"
"1050","ENSDARG00000067605,napaa,5,protein_coding"
"1051","ENSDARG00000044925,cdk5rap1,11,protein_coding"
"1052","ENSDARG00000059254,illr1,19,protein_coding"
"1053","ENSDARG00000013721,g6pca.2,12,protein_coding"
"1054","ENSDARG00000062460,C24H8orf44,24,protein_coding"
"1055","ENSDARG00000014113,wasla,25,protein_coding"
"1056","ENSDARG00000070570,ppp4ca,3,protein_coding"
"1057","ENSDARG00000070170,SCN1B,,"
"1058","ENSDARG00000060645,sirt7,22,protein_coding"
"1059","ENSDARG00000070266,spock3,1,protein_coding"
"1060","ENSDARG00000076609,si:ch211-199g17.9,19,protein_coding"
"1061","ENSDARG00000030307,hspa12b,7,protein_coding"
"1062","ENSDARG00000061923,amotl2a,6,protein_coding"
"1063","ENSDARG00000056075,rca2.1,23,protein_coding"
"1064","ENSDARG00000063258,rfx5,19,protein_coding"
"1065","ENSDARG00000039131,atp1a1a.3,1,protein_coding"
"1066","ENSDARG00000078355,zc3h4,15,protein_coding"
"1067","ENSDARG00000015224,cd2ap,20,protein_coding"
"1068","ENSDARG00000061233,abcc5,18,protein_coding"
"1069","ENSDARG00000063474,arfgef1,24,protein_coding"
"1070","ENSDARG00000068587,rabggtb,2,protein_coding"
"1071","ENSDARG00000059391,gyg1b,24,protein_coding"
"1072","ENSDARG00000068262,vamp5,5,protein_coding"
"1073","ENSDARG00000068784,C13H10orf54,13,protein_coding"
"1074","ENSDARG00000071065,g6pd,23,protein_coding"
"1075","ENSDARG00000003820,nr1d2a,16,protein_coding"
"1076","ENSDARG00000037783,proza,3,protein_coding"
"1077","ENSDARG00000071868,znf711,14,protein_coding"
"1078","ENSDARG00000062266,edc4,18,protein_coding"
"1079","ENSDARG00000071024,TRIM14,,"
"1080","ENSDARG00000056152,fam3c,4,protein_coding"
"1081","ENSDARG00000037309,gatb,1,protein_coding"
"1082","ENSDARG00000074014,zgc:194275,17,protein_coding"
"1083","ENSDARG00000079333,cd40lg,14,protein_coding"
"1084","ENSDARG00000074143,myo10l3,9,protein_coding"
"1085","ENSDARG00000071570,CCDC71,22,protein_coding"
"1086","ENSDARG00000075765,C20H8orf82,20,protein_coding"
"1087","ENSDARG00000069485,spryd7b,9,protein_coding"
"1088","ENSDARG00000008703,apeh,8,protein_coding"
"1089","ENSDARG00000070155,tuba8l3,9,protein_coding"
"1090","ENSDARG00000069376,tnfsf12,7,protein_coding"
"1091","ENSDARG00000070686,cdipt,3,protein_coding"
"1092","ENSDARG00000070025,dchs1a,15,protein_coding"
"1093","ENSDARG00000062485,dock11,7,protein_coding"
"1094","ENSDARG00000040503,CABZ01070258.1,18,protein_coding"
"1095","ENSDARG00000074652,smtna,10,protein_coding"
"1096","ENSDARG00000051955,brms1,7,protein_coding"
"1097","ENSDARG00000007836,ctsla,5,protein_coding"
"1098","ENSDARG00000090873,ccl34a.4,2,processed_transcript"
"1099","ENSDARG00000090882,si:rp71-36a1.5,22,protein_coding"
"1100","ENSDARG00000091137,CABZ01079258.1,21,protein_coding"
"1101","ENSDARG00000074686,mgea5,13,protein_coding"
"1102","ENSDARG00000090612,FO904898.3,22,protein_coding"
"1103","ENSDARG00000077253,alkbh6,5,protein_coding"
"1104","ENSDARG00000077202,mocs2,10,protein_coding"
"1105","ENSDARG00000031136,moxd1,20,protein_coding"
"1106","ENSDARG00000004621,gpm6ab,1,protein_coding"
"1107","ENSDARG00000091277,adra2da,14,protein_coding"
"1108","ENSDARG00000077364,mapk9,21,protein_coding"
"1109","ENSDARG00000088124,adrb2a,14,protein_coding"
"1110","ENSDARG00000076850,si:ch211-157b11.14,6,protein_coding"
"1111","ENSDARG00000090431,ftr04,2,protein_coding"
"1112","ENSDARG00000021455,strbp,10,protein_coding"
"1113","ENSDARG00000076981,zgc:198329,16,protein_coding"
"1114","ENSDARG00000080020,il13ra1,7,protein_coding"
"1115","ENSDARG00000079401,si:dkey-197c15.6,24,protein_coding"
"1116","ENSDARG00000076380,hnrnpa0l,20,protein_coding"
"1117","ENSDARG00000074581,add2,5,protein_coding"
"1118","ENSDARG00000086724,im:7151449,6,protein_coding"
"1119","ENSDARG00000087226,kbtbd2,12,protein_coding"
"1120","ENSDARG00000089717,qpct,17,protein_coding"
"1121","ENSDARG00000087956,she,16,protein_coding"
"1122","ENSDARG00000073789,BX537350.1,22,protein_coding"
"1123","ENSDARG00000079994,AKAP13,,"
"1124","ENSDARG00000061424,znf646p,12,protein_coding"
"1125","ENSDARG00000077546,ZDHHC1,7,protein_coding"
"1126","ENSDARG00000090346,CT574587.1,24,protein_coding"
"1127","ENSDARG00000077881,chl1a,23,protein_coding"
"1128","ENSDARG00000078125,rusc1,16,protein_coding"
"1129","ENSDARG00000074453,zfx,24,protein_coding"
"1130","ENSDARG00000075015,soul5,3,protein_coding"
"1131","ENSDARG00000099674,dicp3.1,16,protein_coding"
"1132","ENSDARG00000063095,ctsf,14,protein_coding"
"1133","ENSDARG00000073999,tapt1a,14,protein_coding"
"1134","ENSDARG00000077473,mych,6,protein_coding"
"1135","ENSDARG00000088560,tmem104,3,protein_coding"
"1136","ENSDARG00000101853,znf977,4,protein_coding"
"1137","ENSDARG00000077943,ints5,14,protein_coding"
"1138","ENSDARG00000091236,CABZ01058646.1,5,protein_coding"
"1139","ENSDARG00000075492,BX511227.1,14,protein_coding"
"1140","ENSDARG00000091124,rps19bp1,6,protein_coding"
"1141","ENSDARG00000077012,eif4ea,14,protein_coding"
"1142","ENSDARG00000008030,myl9b,6,protein_coding"
"1143","ENSDARG00000075253,pik3cb,15,protein_coding"
"1144","ENSDARG00000076651,zmp:0000001167,25,protein_coding"
"1145","ENSDARG00000079453,atp8b4,25,protein_coding"
"1146","ENSDARG00000089205,si:dkey-73n8.3,24,protein_coding"
"1147","ENSDARG00000089538,RNF166,7,protein_coding"
"1148","ENSDARG00000090767,si:ch211-136m16.8,12,protein_coding"
"1149","ENSDARG00000075707,nid2a,17,protein_coding"
"1150","ENSDARG00000087188,nfil3-6,3,protein_coding"
"1151","ENSDARG00000078574,SENP1,23,protein_coding"
"1152","ENSDARG00000077414,zgc:194312,7,protein_coding"
"1153","ENSDARG00000075389,,1,protein_coding"
"1154","ENSDARG00000076586,csf2rb,3,protein_coding"
"1155","ENSDARG00000012460,rassf4,13,protein_coding"
"1156","ENSDARG00000078647,samsn1b,10,protein_coding"
"1157","ENSDARG00000087377,lbh,13,protein_coding"
"1158","ENSDARG00000079932,zgc:152830,8,protein_coding"
"1159","ENSDARG00000077999,si:ch1073-59l16.1,24,protein_coding"
"1160","ENSDARG00000091699,capn2a,13,protein_coding"
"1161","ENSDARG00000089361,wu:fb59d01,10,protein_coding"
"1162","ENSDARG00000074846,ARHGAP30,2,protein_coding"
"1163","ENSDARG00000077400,rbm10,23,protein_coding"
"1164","ENSDARG00000076624,ptprb,4,protein_coding"
"1165","ENSDARG00000076552,zgc:193801,21,protein_coding"
"1166","ENSDARG00000071213,rgl3a,6,protein_coding"
"1167","ENSDARG00000077571,zgc:174862,23,protein_coding"
"1168","ENSDARG00000076386,epdl1,7,protein_coding"
"1169","ENSDARG00000077982,elf3,22,protein_coding"
"1170","ENSDARG00000076490,ankrd40,3,protein_coding"
"1171","ENSDARG00000078805,ap5b1,11,protein_coding"
"1172","ENSDARG00000086586,BX323854.3,24,protein_coding"
"1173","ENSDARG00000079105,mhc2dab,8,protein_coding"
"1174","ENSDARG00000077237,RFX7,,"
"1175","ENSDARG00000079078,si:xx-by187g17.1,3,protein_coding"
"1176","ENSDARG00000090751,zc3h3,6,protein_coding"
"1177","ENSDARG00000057218,tbc1d15,18,protein_coding"
"1178","ENSDARG00000078458,ppp1r37,18,protein_coding"
"1179","ENSDARG00000089156,egr3,8,protein_coding"
"1180","ENSDARG00000077907,si:dkey-183p4.10,8,protein_coding"
"1181","ENSDARG00000076439,ppp4cb,12,protein_coding"
"1182","ENSDARG00000074094,tgm2b,6,protein_coding"
"1183","ENSDARG00000076221,zgc:198419,3,protein_coding"
"1184","ENSDARG00000088019,si:ch211-114l13.12,1,protein_coding"
"1185","ENSDARG00000079250,zbtb5,1,processed_transcript"
"1186","ENSDARG00000043046,fbxl5,23,protein_coding"
"1187","ENSDARG00000088981,tmem220,3,protein_coding"
"1188","ENSDARG00000074533,slc25a38b,6,protein_coding"
"1189","ENSDARG00000088219,CR847844.3,10,protein_coding"
"1190","ENSDARG00000071667,si:dkey-222f2.7,22,protein_coding"
"1191","ENSDARG00000079438,PKP3,,"
"1192","ENSDARG00000090062,rac3a,3,protein_coding"
"1193","ENSDARG00000091234,CU019646.2,7,protein_coding"
"1194","ENSDARG00000077709,iqsec2,8,protein_coding"
"1195","ENSDARG00000088900,si:dkey-21o19.2,23,protein_coding"
"1196","ENSDARG00000005590,mtf2,2,protein_coding"
"1197","ENSDARG00000075515,CD37,12,protein_coding"
"1198","ENSDARG00000078772,NBR1,,"
"1199","ENSDARG00000053646,adrb3a,8,protein_coding"
"1200","ENSDARG00000086947,si:ch211-147m6.1,25,protein_coding"
"1201","ENSDARG00000087793,si:dkey-54n8.2,15,protein_coding"
"1202","ENSDARG00000079366,ppp1r9ba,3,protein_coding"
"1203","ENSDARG00000074656,ctssb.1,16,protein_coding"
"1204","ENSDARG00000086805,ccdc129,24,protein_coding"
"1205","ENSDARG00000018411,mknk1,11,protein_coding"
"1206","ENSDARG00000089327,CRTAM,10,protein_coding"
"1207","ENSDARG00000076542,pogzb,16,protein_coding"
"1208","ENSDARG00000087953,otud4,5,protein_coding"
"1209","ENSDARG00000089232,prr14,3,protein_coding"
"1210","ENSDARG00000012005,mob2b,18,protein_coding"
"1211","ENSDARG00000075807,si:dkey-161l11.26,2,TR_J_gene"
"1212","ENSDARG00000078205,ccl34b.9,24,protein_coding"
"1213","ENSDARG00000091411,si:ch211-214p13.9,9,protein_coding"
"1214","ENSDARG00000086154,CABZ01053196.1,9,protein_coding"
"1215","ENSDARG00000076768,REPS2,23,protein_coding"
"1216","ENSDARG00000089372,clk4a,14,protein_coding"
"1217","ENSDARG00000076950,kel,16,protein_coding"
"1218","ENSDARG00000076897,si:ch73-212p10.4,7,lincRNA"
"1219","ENSDARG00000078139,appl2,25,protein_coding"
"1220","ENSDARG00000077143,znf526,16,protein_coding"
"1221","ENSDARG00000079516,cisd1,13,protein_coding"
"1222","ENSDARG00000077215,EIF4G3,,"
"1223","ENSDARG00000090615,BX957297.1,7,protein_coding"
"1224","ENSDARG00000013252,TMC5,3,protein_coding"
"1225","ENSDARG00000009123,sele,20,protein_coding"
"1226","ENSDARG00000090770,RNF31,2,protein_coding"
"1227","ENSDARG00000087837,FO834877.1,4,protein_coding"
"1228","ENSDARG00000088650,TSNARE1,16,protein_coding"
"1229","ENSDARG00000088802,U5,5,snRNA"
"1230","ENSDARG00000074303,phf12a,10,protein_coding"
"1231","ENSDARG00000089129,baxa,3,protein_coding"
"1232","ENSDARG00000078829,ccdc149a,7,protein_coding"
"1233","ENSDARG00000075821,plxnb1a,23,protein_coding"
"1234","ENSDARG00000090481,tusc5a,15,protein_coding"
"1235","ENSDARG00000042698,si:dkey-15j16.6,20,protein_coding"
"1236","ENSDARG00000079102,PRRG3,21,protein_coding"
"1237","ENSDARG00000079043,si:dkeyp-75b4.10,1,protein_coding"
"1238","ENSDARG00000091087,BX530067.1,19,protein_coding"
"1239","ENSDARG00000055510,ypel3,3,protein_coding"
"1240","ENSDARG00000086703,si:dkey-126g1.7,23,protein_coding"
"1241","ENSDARG00000039576,fstl1b,9,protein_coding"
"1242","ENSDARG00000018404,krt18,23,protein_coding"
"1243","ENSDARG00000075014,sqstm1,14,protein_coding"
"1244","ENSDARG00000087337,otud4,5,protein_coding"
"1245","ENSDARG00000038862,kcnb2,2,protein_coding"
"1246","ENSDARG00000075625,lrig1,11,protein_coding"
"1247","ENSDARG00000079672,eftud1,7,protein_coding"
"1248","ENSDARG00000074262,nck1a,2,protein_coding"
"1249","ENSDARG00000087438,si:dkey-257i7.5,4,protein_coding"
"1250","ENSDARG00000090537,ifit11,12,protein_coding"
"1251","ENSDARG00000078547,si:ch211-264f5.2,19,protein_coding"
"1252","ENSDARG00000091574,suox,11,protein_coding"
"1253","ENSDARG00000008155,sms,21,protein_coding"
"1254","ENSDARG00000074024,si:ch211-152n14.4,6,protein_coding"
"1255","ENSDARG00000086950,PLEKHG4B,,"
"1256","ENSDARG00000076765,ddhd2,10,protein_coding"
"1257","ENSDARG00000087162,TMEM102,7,protein_coding"
"1258","ENSDARG00000036282,rnaset2,13,protein_coding"
"1259","ENSDARG00000074611,wdr37,24,protein_coding"
"1260","ENSDARG00000078976,nanos1,14,protein_coding"
"1261","ENSDARG00000075178,lpcat3,16,protein_coding"
"1262","ENSDARG00000087554,cdk1,17,protein_coding"
"1263","ENSDARG00000089202,nkl.3,17,protein_coding"
"1264","ENSDARG00000068374,si:ch211-132b12.7,18,protein_coding"
"1265","ENSDARG00000089019,si:ch211-175m2.5,14,protein_coding"
"1266","ENSDARG00000074544,znf1007,15,protein_coding"
"1267","ENSDARG00000007534,itln1,1,protein_coding"
"1268","ENSDARG00000056741,senp3b,7,protein_coding"
"1269","ENSDARG00000015156,fbln2,11,protein_coding"
"1270","ENSDARG00000091419,nrarpa,10,protein_coding"
"1271","ENSDARG00000075194,si:dkey-56e3.3,1,protein_coding"
"1272","ENSDARG00000076873,C8H9orf172,,"
"1273","ENSDARG00000088927,CR450793.1,10,protein_coding"
"1274","ENSDARG00000078284,phkb,7,protein_coding"
"1275","ENSDARG00000079252,fam117ab,12,protein_coding"
"1276","ENSDARG00000009473,ppardb,8,protein_coding"
"1277","ENSDARG00000089706,ANPEP,,"
"1278","ENSDARG00000077081,slc38a10,12,protein_coding"
"1279","ENSDARG00000086740,phyh,4,protein_coding"
"1280","ENSDARG00000104308,BX537263.2,5,miRNA"
"1281","ENSDARG00000077174,QSOX2,5,protein_coding"
"1282","ENSDARG00000078069,rrm2,19,protein_coding"
"1283","ENSDARG00000071576,si:dkey-102c8.3,22,protein_coding"
"1284","ENSDARG00000079199,megf6a,23,protein_coding"
"1285","ENSDARG00000077760,ascc1,12,protein_coding"
"1286","ENSDARG00000079780,HNRNPUL1,,"
"1287","ENSDARG00000089930,iqce,1,protein_coding"
"1288","ENSDARG00000086332,bri3,3,protein_coding"
"1289","ENSDARG00000074319,sall1a,7,protein_coding"
"1290","ENSDARG00000074804,atxn7,11,protein_coding"
"1291","ENSDARG00000077753,CABZ01069216.1,6,protein_coding"
"1292","ENSDARG00000083108,SNORA73,20,snoRNA"
"1293","ENSDARG00000082447,BX005308.1,17,miRNA"
"1294","ENSDARG00000073909,ppip5k1b,25,protein_coding"
"1295","ENSDARG00000087641,cdh26.2,23,protein_coding"
"1296","ENSDARG00000005284,fbxl15,12,protein_coding"
"1297","ENSDARG00000086789,bahd1,17,protein_coding"
"1298","ENSDARG00000088332,alx4a,7,protein_coding"
"1299","ENSDARG00000091555,ostf1,5,protein_coding"
"1300","ENSDARG00000087927,nudt9,3,protein_coding"
"1301","ENSDARG00000054746,uggt1,2,protein_coding"
"1302","ENSDARG00000079133,si:dkey-10c21.1,9,protein_coding"
"1303","ENSDARG00000088137,ADGRG2,,"
"1304","ENSDARG00000088762,si:ch211-224l10.4,23,protein_coding"
"1305","ENSDARG00000069334,AGFG2,7,protein_coding"
"1306","ENSDARG00000061985,rbm47,1,protein_coding"
"1307","ENSDARG00000060716,prkx,1,protein_coding"
"1308","ENSDARG00000056502,si:ch73-334d15.4,24,protein_coding"
"1309","ENSDARG00000103816,BX537263.1,5,miRNA"
"1310","ENSDARG00000093739,C9H17orf105,,"
"1311","ENSDARG00000007387,irf2a,1,protein_coding"
"1312","ENSDARG00000090890,cmklr1,5,protein_coding"
"1313","ENSDARG00000092191,si:dkey-238c7.13,18,processed_transcript"
"1314","ENSDARG00000074589,rin2,13,protein_coding"
"1315","ENSDARG00000091972,si:dkey-58f10.7,5,protein_coding"
"1316","ENSDARG00000031246,hbegfb,21,protein_coding"
"1317","ENSDARG00000095125,ftr97,20,protein_coding"
"1318","ENSDARG00000051975,cd99,1,protein_coding"
"1319","ENSDARG00000094846,si:ch211-14a11.5,20,processed_transcript"
"1320","ENSDARG00000023578,lpp,6,protein_coding"
"1321","ENSDARG00000053344,adgrd1,8,protein_coding"
"1322","ENSDARG00000043403,si:dkey-7o6.3,8,protein_coding"
"1323","ENSDARG00000093248,si:dkey-238m4.4,16,protein_coding"
"1324","ENSDARG00000069563,zgc:153151,7,protein_coding"
"1325","ENSDARG00000061174,znf740b,23,protein_coding"
"1326","ENSDARG00000038686,FAM35A,13,protein_coding"
"1327","ENSDARG00000002656,stxbp5a,20,protein_coding"
"1328","ENSDARG00000020204,nf2a,5,protein_coding"
"1329","ENSDARG00000067741,itpkcb,18,protein_coding"
"1330","ENSDARG00000017115,kctd10,5,protein_coding"
"1331","ENSDARG00000089582,si:dkey-265e15.2,4,protein_coding"
"1332","ENSDARG00000055436,ftr97,20,protein_coding"
"1333","ENSDARG00000075269,si:dkey-20i10.7,13,protein_coding"
"1334","ENSDARG00000003311,pank2,13,protein_coding"
"1335","ENSDARG00000104415,si:ch73-236c18.6,1,protein_coding"
"1336","ENSDARG00000075560,kmt2cb,2,protein_coding"
"1337","ENSDARG00000094451,cfp,8,protein_coding"
"1338","ENSDARG00000092979,pias2,5,protein_coding"
"1339","ENSDARG00000092746,si:ch211-150o23.2,8,protein_coding"
"1340","ENSDARG00000092022,si:dkey-256e7.8,1,protein_coding"
"1341","ENSDARG00000074441,gp1bb,8,protein_coding"
"1342","ENSDARG00000095540,sid1,11,protein_coding"
"1343","ENSDARG00000091951,NUGGC,,"
"1344","ENSDARG00000091631,si:ch211-197h24.6,16,protein_coding"
"1345","ENSDARG00000042031,gorab,20,protein_coding"
"1346","ENSDARG00000094408,,1,protein_coding"
"1347","ENSDARG00000045827,lyrm5b,25,protein_coding"
"1348","ENSDARG00000094567,si:dkey-14a7.3,20,lincRNA"
"1349","ENSDARG00000093019,si:dkey-83k24.5,8,protein_coding"
"1350","ENSDARG00000092806,,1,protein_coding"
"1351","ENSDARG00000093936,si:dkeyp-1h4.6,18,protein_coding"
"1352","ENSDARG00000093629,si:ch211-106h4.4,2,protein_coding"
"1353","ENSDARG00000042848,pcmtl,17,protein_coding"
"1354","ENSDARG00000093960,si:dkey-111e8.5,5,protein_coding"
"1355","ENSDARG00000016188,SBNO2,,"
"1356","ENSDARG00000035990,cited4a,19,protein_coding"
"1357","ENSDARG00000042859,slc5a6a,20,protein_coding"
"1358","ENSDARG00000092337,gas5,8,processed_transcript"
"1359","ENSDARG00000035810,rgcc,9,protein_coding"
"1360","ENSDARG00000044550,hif1al2,21,protein_coding"
"1361","ENSDARG00000007976,si:ch211-220f16.2,18,protein_coding"
"1362","ENSDARG00000022623,fbxo44,23,protein_coding"
"1363","ENSDARG00000090219,wdr45,10,protein_coding"
"1364","ENSDARG00000097238,ba1l,3,protein_coding"
"1365","ENSDARG00000087994,CU138503.1,14,protein_coding"
"1366","ENSDARG00000015905,lztr1,5,protein_coding"
"1367","ENSDARG00000095288,rusc2,5,protein_coding"
"1368","ENSDARG00000092225,si:dkeyp-13a3.10,2,protein_coding"
"1369","ENSDARG00000095304,si:ch211-207c6.2,5,protein_coding"
"1370","ENSDARG00000044561,ccr7,6,protein_coding"
"1371","ENSDARG00000094935,si:dkey-58f10.11,5,protein_coding"
"1372","ENSDARG00000038306,tsc22d1,9,protein_coding"
"1373","ENSDARG00000039150,lgmn,13,protein_coding"
"1374","ENSDARG00000095332,si:dkey-14d8.1,4,protein_coding"
"1375","ENSDARG00000095065,si:ch211-113e8.9,1,protein_coding"
"1376","ENSDARG00000092493,si:dkeyp-44a8.2,14,protein_coding"
"1377","ENSDARG00000095623,dpm2,5,protein_coding"
"1378","ENSDARG00000025847,sox12,11,protein_coding"
"1379","ENSDARG00000086091,kcnn4,16,protein_coding"
"1380","ENSDARG00000093272,igic1s1,24,protein_coding"
"1381","ENSDARG00000092428,si:ch211-224b1.5,2,processed_transcript"
"1382","ENSDARG00000011570,pou6f1,23,protein_coding"
"1383","ENSDARG00000093549,sepp1a,8,protein_coding"
"1384","ENSDARG00000089885,slc16a12b,12,protein_coding"
"1385","ENSDARG00000033706,adora2aa,8,protein_coding"
"1386","ENSDARG00000004378,yrk,19,protein_coding"
"1387","ENSDARG00000044129,si:ch211-214p16.1,17,processed_transcript"
"1388","ENSDARG00000092653,si:dkey-1h24.6,1,protein_coding"
"1389","ENSDARG00000092816,si:dkey-93n13.2,3,protein_coding"
"1390","ENSDARG00000094845,,1,protein_coding"
"1391","ENSDARG00000059835,zfyve27,1,protein_coding"
"1392","ENSDARG00000055569,ghdc,12,protein_coding"
"1393","ENSDARG00000092243,si:ch211-163b2.2,8,lincRNA"
"1394","ENSDARG00000014059,cldn5b,10,protein_coding"
"1395","ENSDARG00000056252,sort1b,8,protein_coding"
"1396","ENSDARG00000093570,si:dkey-25o1.7,24,protein_coding"
"1397","ENSDARG00000024717,selenbp1,16,protein_coding"
"1398","ENSDARG00000092626,zgc:174931,8,protein_coding"
"1399","ENSDARG00000022129,rbm4.3,7,protein_coding"
"1400","ENSDARG00000094719,si:dkeyp-1h4.9,18,processed_transcript"
"1401","ENSDARG00000074635,abca1a,1,protein_coding"
"1402","ENSDARG00000092680,si:dkey-58f10.12,5,protein_coding"
"1403","ENSDARG00000095627,c1qc,21,protein_coding"
"1404","ENSDARG00000076534,si:ch211-14a17.10,2,protein_coding"
"1405","ENSDARG00000076554,cdkn1a,22,protein_coding"
"1406","ENSDARG00000061737,ece1,11,protein_coding"
"1407","ENSDARG00000093456,si:dkey-71p21.9,13,lincRNA"
"1408","ENSDARG00000039263,zbtb48,23,protein_coding"
"1409","ENSDARG00000062425,C9H2orf69,9,protein_coding"
"1410","ENSDARG00000037276,map9,1,protein_coding"
"1411","ENSDARG00000091902,b3gnt2b,17,protein_coding"
"1412","ENSDARG00000086553,si:dkey-17e16.8,21,protein_coding"
"1413","ENSDARG00000038618,cpt2,8,protein_coding"
"1414","ENSDARG00000073696,frmd8,10,protein_coding"
"1415","ENSDARG00000092310,si:ch211-199g17.2,19,protein_coding"
"1416","ENSDARG00000095150,si:dkey-114c15.5,5,protein_coding"
"1417","ENSDARG00000090159,si:dkey-37m8.8,22,processed_transcript"
"1418","ENSDARG00000086374,isg15,5,protein_coding"
"1419","ENSDARG00000043856,amd1,20,protein_coding"
"1420","ENSDARG00000036888,C25HXorf38,,"
"1421","ENSDARG00000089873,socs1b,1,protein_coding"
"1422","ENSDARG00000038938,ssfa2,9,protein_coding"
"1423","ENSDARG00000093418,si:dkey-216e24.9,9,protein_coding"
"1424","ENSDARG00000092028,si:dkey-4c23.3,22,protein_coding"
"1425","ENSDARG00000089441,si:ch211-105c13.3,16,protein_coding"
"1426","ENSDARG00000053836,si:ch211-284o19.8,2,protein_coding"
"1427","ENSDARG00000032218,acss3,4,protein_coding"
"1428","ENSDARG00000093198,C3,,"
"1429","ENSDARG00000093124,scpp8,10,protein_coding"
"1430","ENSDARG00000093199,,15,protein_coding"
"1431","ENSDARG00000093761,si:ch211-250k18.7,22,protein_coding"
"1432","ENSDARG00000093857,si:dkey-79f11.10,1,protein_coding"
"1433","ENSDARG00000014825,ZNF865,,"
"1434","ENSDARG00000088841,dnal4b,22,protein_coding"
"1435","ENSDARG00000094732,mical3b,4,protein_coding"
"1436","ENSDARG00000069342,,2,protein_coding"
"1437","ENSDARG00000029660,commd5,14,protein_coding"
"1438","ENSDARG00000095778,si:rp71-1k13.5,23,processed_transcript"
"1439","ENSDARG00000092778,si:ch73-338o16.4,3,protein_coding"
"1440","ENSDARG00000002353,tagapa,17,protein_coding"
"1441","ENSDARG00000074634,keap1b,6,protein_coding"
"1442","ENSDARG00000094002,ccl34b.4,24,protein_coding"
"1443","ENSDARG00000092945,si:ch211-250g4.3,19,protein_coding"
"1444","ENSDARG00000094708,sftpba,10,protein_coding"
"1445","ENSDARG00000020228,usf2,19,protein_coding"
"1446","ENSDARG00000093658,tm7sf3,4,protein_coding"
"1447","ENSDARG00000079892,PLXNB2,,"
"1448","ENSDARG00000053091,DAB2,5,protein_coding"
"1449","ENSDARG00000093170,mef2b,22,protein_coding"
"1450","ENSDARG00000046127,tk2,7,protein_coding"
"1451","ENSDARG00000074851,s1pr4,22,protein_coding"
"1452","ENSDARG00000067718,si:dkey-3h3.3,5,protein_coding"
"1453","ENSDARG00000092361,si:dkey-79f11.7,1,protein_coding"
"1454","ENSDARG00000095351,si:ch73-308b14.1,8,processed_transcript"
"1455","ENSDARG00000077384,dnah11,16,protein_coding"
"1456","ENSDARG00000034643,fhl3a,16,protein_coding"
"1457","ENSDARG00000090600,si:ch211-213a13.1,22,processed_transcript"
"1458","ENSDARG00000044241,dram2b,22,protein_coding"
"1459","ENSDARG00000057879,p3h3,16,protein_coding"
"1460","ENSDARG00000092454,si:dkey-14o1.19,9,processed_transcript"
"1461","ENSDARG00000076895,flrt3,13,protein_coding"
"1462","ENSDARG00000056089,nrbp1,20,protein_coding"
"1463","ENSDARG00000056092,si:dkey-12h9.6,20,protein_coding"
"1464","ENSDARG00000091993,dicp1.1,3,protein_coding"
"1465","ENSDARG00000001825,cfap43,13,protein_coding"
"1466","ENSDARG00000092167,si:ch211-272h9.5,7,protein_coding"
"1467","ENSDARG00000093310,pimr155,13,protein_coding"
"1468","ENSDARG00000074858,stard7,10,protein_coding"
"1469","ENSDARG00000019976,idi1,24,protein_coding"
"1470","ENSDARG00000007358,cxcr3.1,16,protein_coding"
"1471","ENSDARG00000055784,ptpn3,16,protein_coding"
"1472","ENSDARG00000007181,nadk2,21,protein_coding"
"1473","ENSDARG00000092459,si:dkey-9i23.5,1,protein_coding"
"1474","ENSDARG00000092057,si:dkey-90l23.1,9,protein_coding"
"1475","ENSDARG00000089138,LONRF2,1,protein_coding"
"1476","ENSDARG00000032188,lrrc8aa,21,protein_coding"
"1477","ENSDARG00000095693,si:dkey-15g19.2,10,processed_transcript"
"1478","ENSDARG00000079751,megf8,16,protein_coding"
"1479","ENSDARG00000029720,si:dkeyp-9d4.2,1,protein_coding"
"1480","ENSDARG00000092507,znf1013,15,protein_coding"
"1481","ENSDARG00000095746,,1,protein_coding"
"1482","ENSDARG00000093494,si:ch211-217k17.9,1,protein_coding"
"1483","ENSDARG00000004433,btk,14,protein_coding"
"1484","ENSDARG00000063572,perp,13,protein_coding"
"1485","ENSDARG00000102070,tbc1d10aa,8,protein_coding"
"1486","ENSDARG00000096403,si:dkey-153m14.1,20,lincRNA"
"1487","ENSDARG00000076472,ovol1,7,protein_coding"
"1488","ENSDARG00000096780,si:ch211-225b10.2,12,lincRNA"
"1489","ENSDARG00000030479,hmgb1b,15,protein_coding"
"1490","ENSDARG00000089413,mbpb,16,protein_coding"
"1491","ENSDARG00000062562,egln2,15,protein_coding"
"1492","ENSDARG00000096508,si:ch211-265g21.1,20,lincRNA"
"1493","ENSDARG00000051785,dhx33,5,protein_coding"
"1494","ENSDARG00000098024,si:dkey-262k9.2,15,protein_coding"
"1495","ENSDARG00000095890,znf236,16,protein_coding"
"1496","ENSDARG00000096836,si:ch211-247l22.4,8,lincRNA"
"1497","ENSDARG00000097533,si:dkey-29l4.4,15,lincRNA"
"1498","ENSDARG00000095807,hp,8,protein_coding"
"1499","ENSDARG00000080009,bahcc1,12,protein_coding"
"1500","ENSDARG00000096833,si:ch211-68a17.5,25,lincRNA"
"1501","ENSDARG00000100805,FMN1,,"
"1502","ENSDARG00000073962,C17H15orf57,17,protein_coding"
"1503","ENSDARG00000055400,ELMO1,,"
"1504","ENSDARG00000079131,si:dkeyp-118b1.2,12,protein_coding"
"1505","ENSDARG00000061473,tbkbp1,12,protein_coding"
"1506","ENSDARG00000097332,si:ch73-195j15.1,15,lincRNA"
"1507","ENSDARG00000097553,si:dkey-193e13.8,2,lincRNA"
"1508","ENSDARG00000097610,si:ch211-136a14.2,3,lincRNA"
"1509","ENSDARG00000096667,si:dkey-25o16.2,1,protein_coding"
"1510","ENSDARG00000097695,si:ch211-87m19.5,15,processed_transcript"
"1511","ENSDARG00000097712,si:ch1073-443n13.2,16,protein_coding"
"1512","ENSDARG00000026049,mxf,15,protein_coding"
"1513","ENSDARG00000008377,epn2,3,protein_coding"
"1514","ENSDARG00000059768,gpatch8,3,protein_coding"
"1515","ENSDARG00000096623,si:ch211-1f22.13,1,protein_coding"
"1516","ENSDARG00000096554,SPAG5,1,protein_coding"
"1517","ENSDARG00000080001,si:dkey-208m12.2,22,protein_coding"
"1518","ENSDARG00000104734,kat2a,3,protein_coding"
"1519","ENSDARG00000076483,zgc:198241,15,protein_coding"
"1520","ENSDARG00000096564,si:dkey-31e10.6,1,transcribed_unprocessed_pseudogene"
"1521","ENSDARG00000096544,si:dkey-228l14.2,1,lincRNA"
"1522","ENSDARG00000074667,akt1s1,3,protein_coding"
"1523","ENSDARG00000096280,ighz,3,protein_coding"
"1524","ENSDARG00000105292,si:ch73-112j3.1,11,processed_transcript"
"1525","ENSDARG00000098032,si:dkey-7i4.13,15,protein_coding"
"1526","ENSDARG00000086613,si:dkey-266f7.10,19,protein_coding"
"1527","ENSDARG00000097102,si:ch73-281n10.2,15,protein_coding"
"1528","ENSDARG00000045331,pkp4,6,protein_coding"
"1529","ENSDARG00000096655,si:ch211-184m19.3,20,antisense"
"1530","ENSDARG00000019191,sept12,3,protein_coding"
"1531","ENSDARG00000097908,si:dkey-19d21.4,15,antisense"
"1532","ENSDARG00000070651,prkcdb,11,protein_coding"
"1533","ENSDARG00000101778,ca5a,25,protein_coding"
"1534","ENSDARG00000078781,si:ch211-161c3.6,6,protein_coding"
"1535","ENSDARG00000101669,elmod2,1,protein_coding"
"1536","ENSDARG00000097236,SVIP,25,protein_coding"
"1537","ENSDARG00000097248,si:dkey-117a8.2,15,protein_coding"
"1538","ENSDARG00000101754,BX664622.3,KN149689.1,protein_coding"
"1539","ENSDARG00000076229,mkl1b,12,protein_coding"
"1540","ENSDARG00000097279,si:ch73-274k23.3,5,lincRNA"
"1541","ENSDARG00000097761,si:dkey-181d19.3,16,processed_transcript"
"1542","ENSDARG00000096867,clmn,17,protein_coding"
"1543","ENSDARG00000097137,si:dkeyp-116a7.2,19,lincRNA"
"1544","ENSDARG00000022810,fzr1b,2,protein_coding"
"1545","ENSDARG00000061798,arhgap27l,3,protein_coding"
"1546","ENSDARG00000104242,dcp2,10,protein_coding"
"1547","ENSDARG00000096851,znf1143,3,protein_coding"
"1548","ENSDARG00000088283,si:ch73-248e21.5,3,protein_coding"
"1549","ENSDARG00000039959,gdnfa,10,protein_coding"
"1550","ENSDARG00000038151,,6,protein_coding"
"1551","ENSDARG00000052129,boka,6,protein_coding"
"1552","ENSDARG00000097782,si:dkey-42l23.4,15,protein_coding"
"1553","ENSDARG00000103621,FP236553.1,7,miRNA"
"1554","ENSDARG00000102512,kdm8,3,protein_coding"
"1555","ENSDARG00000053702,il2rgb,14,protein_coding"
"1556","ENSDARG00000078111,ap5z1,3,protein_coding"
"1557","ENSDARG00000099938,si:ch211-215e19.3,2,protein_coding"
"1558","ENSDARG00000098050,si:dkeyp-9a1.2,17,lincRNA"
"1559","ENSDARG00000097297,si:zfos-1833e7.5,3,lincRNA"
"1560","ENSDARG00000104274,TMEM200B,19,protein_coding"
"1561","ENSDARG00000090232,CLPB,15,protein_coding"
"1562","ENSDARG00000097833,si:dkeyp-9a1.3,17,lincRNA"
"1563","ENSDARG00000087293,si:dkey-84h14.1,4,protein_coding"
"1564","ENSDARG00000075618,slc36a1,14,protein_coding"
"1565","ENSDARG00000101146,CR293511.2,11,protein_coding"
"1566","ENSDARG00000096797,si:ch73-127m5.2,12,protein_coding"
"1567","ENSDARG00000075664,si:ch1073-429i10.1,15,protein_coding"
"1568","ENSDARG00000096287,si:ch211-76l23.6,3,lincRNA"
"1569","ENSDARG00000098099,zgc:64065,6,protein_coding"
"1570","ENSDARG00000101270,klhl8,21,protein_coding"
"1571","ENSDARG00000074270,ZNF518A,12,protein_coding"
"1572","ENSDARG00000076995,sharpin,2,protein_coding"
"1573","ENSDARG00000097583,arfgap3,4,protein_coding"
"1574","ENSDARG00000096586,,1,protein_coding"
"1575","ENSDARG00000099572,hmgn2,16,protein_coding"
"1576","ENSDARG00000093877,,1,protein_coding"
"1577","ENSDARG00000103754,aspm,22,protein_coding"
"1578","ENSDARG00000095974,si:ch73-211l13.2,3,protein_coding"
"1579","ENSDARG00000096877,cab39,15,lincRNA"
"1580","ENSDARG00000075435,akap11,9,protein_coding"
"1581","ENSDARG00000044567,ttc1,21,protein_coding"
"1582","ENSDARG00000096214,si:ch211-197k17.3,1,protein_coding"
"1583","ENSDARG00000097932,si:ch211-158m24.13,5,antisense"
"1584","ENSDARG00000038681,,1,protein_coding"
"1585","ENSDARG00000096617,si:dkey-249p7.3,20,antisense"
"1586","ENSDARG00000058459,plekhg2,15,protein_coding"
"1587","ENSDARG00000101145,lipeb,16,protein_coding"
"1588","ENSDARG00000097767,si:ch211-209m20.6,15,antisense"
"1589","ENSDARG00000096632,si:dkey-22o12.7,1,lincRNA"
"1590","ENSDARG00000102589,rsf1a,18,protein_coding"
"1591","ENSDARG00000090977,ifit12,12,protein_coding"
"1592","ENSDARG00000097901,,16,protein_coding"
"1593","ENSDARG00000014929,p2ry11,3,protein_coding"
"1594","ENSDARG00000096954,si:dkeyp-67f1.1,6,protein_coding"
"1595","ENSDARG00000096046,si:ch211-209p16.4,4,antisense"
"1596","ENSDARG00000103540,gpr132b,20,protein_coding"
"1597","ENSDARG00000077239,si:ch211-165i18.2,4,protein_coding"
"1598","ENSDARG00000089667,,1,protein_coding"
"1599","ENSDARG00000089871,si:ch211-203c7.2,12,protein_coding"
"1600","ENSDARG00000101378,nadsyn1,2,protein_coding"
"1601","ENSDARG00000102468,si:dkey-71l4.5,4,protein_coding"
"1602","ENSDARG00000096457,si:dkey-118j18.2,24,protein_coding"
"1603","ENSDARG00000099385,LSP1,,"
"1604","ENSDARG00000102802,brdt,6,protein_coding"
"1605","ENSDARG00000101127,map1lc3b,25,protein_coding"
"1606","ENSDARG00000100166,CASKIN1,,"
"1607","ENSDARG00000098231,HHEX,12,protein_coding"
"1608","ENSDARG00000099269,si:dkeyp-115e12.7,14,protein_coding"
"1609","ENSDARG00000101936,tmem106ba,15,protein_coding"
"1610","ENSDARG00000104047,si:ch211-262i1.3,11,protein_coding"
"1611","ENSDARG00000103435,sorbs1,13,protein_coding"
"1612","ENSDARG00000098910,CU074421.1,6,miRNA"
"1613","ENSDARG00000104842,CABZ01085069.1,22,protein_coding"
"1614","ENSDARG00000105243,ogt.1,14,protein_coding"
"1615","ENSDARG00000101251,ldha,25,protein_coding"
"1616","ENSDARG00000100397,pde6c,12,protein_coding"
"1617","ENSDARG00000098656,CT574575.1,24,protein_coding"
"1618","ENSDARG00000103736,GRAMD2,7,protein_coding"
"1619","ENSDARG00000101290,si:dkey-203a12.8,14,protein_coding"
"1620","ENSDARG00000102276,CR391944.1,3,protein_coding"
"1621","ENSDARG00000104399,CABZ01064972.2,22,protein_coding"
"1622","ENSDARG00000099776,glula,2,protein_coding"
"1623","ENSDARG00000101120,kif3b,23,protein_coding"
"1624","ENSDARG00000098397,si:ch73-59f11.2,3,lincRNA"
"1625","ENSDARG00000104768,akap17a,9,protein_coding"
"1626","ENSDARG00000103511,zfand2a,3,protein_coding"
"1627","ENSDARG00000105127,si:ch211-155e24.3,2,protein_coding"
"1628","ENSDARG00000101713,scn2b,15,protein_coding"
"1629","ENSDARG00000099448,sh3d21,16,protein_coding"
"1630","ENSDARG00000101079,HECTD4,7,protein_coding"
"1631","ENSDARG00000099939,otud4,4,protein_coding"
"1632","ENSDARG00000102549,CR450729.2,3,protein_coding"
"1633","ENSDARG00000105067,znf1043,4,protein_coding"
"1634","ENSDARG00000099281,si:dkey-112e7.2,4,protein_coding"
"1635","ENSDARG00000104400,socs3a,20,protein_coding"
"1636","ENSDARG00000100002,ctbs,11,polymorphic_pseudogene"
"1637","ENSDARG00000099527,nkiras1,19,protein_coding"
"1638","ENSDARG00000103336,si:dkey-77g12.4,14,protein_coding"
"1639","ENSDARG00000104636,si:dkey-112a7.4,7,protein_coding"
"1640","ENSDARG00000102907,CABZ01072043.1,21,protein_coding"
"1641","ENSDARG00000102995,rbm24a,19,protein_coding"
"1642","ENSDARG00000103095,tbk1,4,protein_coding"
"1643","ENSDARG00000103272,si:dkey-53k12.1,2,protein_coding"
"1644","ENSDARG00000099755,pfklb,11,protein_coding"
"1645","ENSDARG00000103468,otud4,4,protein_coding"
"1646","ENSDARG00000102885,rsu1,24,protein_coding"
"1647","ENSDARG00000099201,BX908731.1,22,protein_coding"
"1648","ENSDARG00000099980,bpifcl,9,protein_coding"
"1649","ENSDARG00000099740,klc2,KN150435.1,protein_coding"
"1650","ENSDARG00000100980,CABZ01112401.1,21,protein_coding"
"1651","ENSDARG00000104474,il6r,16,protein_coding"
"1652","ENSDARG00000099840,lpar1,10,protein_coding"
"1653","ENSDARG00000101555,si:ch211-211k8.3,4,processed_transcript"
"1654","ENSDARG00000103720,ZFP36,15,protein_coding"
"1655","ENSDARG00000098304,TAOK1,,"
"1656","ENSDARG00000102153,nrp1a,24,protein_coding"
"1657","ENSDARG00000101106,si:ch73-109d9.3,1,protein_coding"
"1658","ENSDARG00000099409,OGFR,,"
"1659","ENSDARG00000104635,si:busm1-194e12.12,8,protein_coding"
"1660","ENSDARG00000104027,si:ch211-207b24.4,3,protein_coding"
"1661","ENSDARG00000104891,si:dkey-109j17.5,23,protein_coding"
"1662","ENSDARG00000103900,sept9b,6,protein_coding"
"1663","ENSDARG00000101471,fgd4a,18,protein_coding"
"1664","ENSDARG00000099768,ANKRD7,25,protein_coding"
"1665","ENSDARG00000100394,lnpep,5,protein_coding"
"1666","ENSDARG00000103677,OGFR,,"
"1667","ENSDARG00000103716,si:busm1-48c11.3,8,protein_coding"
"1668","ENSDARG00000101422,hdac12,15,protein_coding"
"1669","ENSDARG00000101362,mibp,22,protein_coding"
"1670","ENSDARG00000101096,si:ch211-198c1.7,24,lincRNA"
"1671","ENSDARG00000100114,sf3a3,19,protein_coding"
"1672","ENSDARG00000103203,vps28,19,protein_coding"
"1673","ENSDARG00000102994,znf1034,4,protein_coding"
"1674","ENSDARG00000098696,rela,7,protein_coding"
"1675","ENSDARG00000099806,si:dkey-53k12.2,2,protein_coding"
"1676","ENSDARG00000100941,CLCA2,,"
"1677","ENSDARG00000104542,ppt2,19,protein_coding"
"1678","ENSDARG00000102612,slc15a4,8,protein_coding"
"1679","ENSDARG00000102199,SIKE1,23,protein_coding"
"1680","ENSDARG00000102191,CPNE8,,"
"1681","ENSDARG00000103134,CKN149934.1H1orf52,KN149934.1,protein_coding"
"1682","ENSDARG00000102173,CABZ01065425.1,20,protein_coding"
"1683","ENSDARG00000100677,tmem205,3,protein_coding"
"1684","ENSDARG00000100621,CABZ01080550.1,25,protein_coding"
"1685","ENSDARG00000098430,znf1078,4,protein_coding"
"1686","ENSDARG00000099566,lmbrd2a,5,protein_coding"
"1687","ENSDARG00000098662,si:ch73-359m17.9,19,protein_coding"
"1688","ENSDARG00000104491,ampd2a,22,protein_coding"
"1689","ENSDARG00000101611,HUS1,KN150170.1,protein_coding"
"1690","ENSDARG00000101169,grap2b,6,protein_coding"
"1691","ENSDARG00000101729,,4,protein_coding"
"1692","ENSDARG00000102331,TMEM164,KN150208.1,protein_coding"
"1693","ENSDARG00000098204,CU984600.2,9,protein_coding"
"1694","ENSDARG00000098999,si:ch73-311h14.2,15,protein_coding"
"1695","ENSDARG00000099612,zgc:66483,21,protein_coding"
"1696","ENSDARG00000103919,si:ch73-1a9.3,10,protein_coding"
"1697","ENSDARG00000104197,ptpn22,23,protein_coding"
"1698","ENSDARG00000101334,ctsc,15,protein_coding"
"1699","ENSDARG00000104065,si:dkey-1b17.11,22,protein_coding"
"1700","ENSDARG00000098924,suz12b,6,protein_coding"
"1701","ENSDARG00000098281,si:dkey-237m9.1,4,protein_coding"
"1702","ENSDARG00000100280,znfx1,6,protein_coding"
"1703","ENSDARG00000098436,BX537156.1,4,miRNA"
"1704","ENSDARG00000099491,tmem176l.1,16,protein_coding"
"1705","ENSDARG00000103207,rab11fip4b,6,protein_coding"
"1706","ENSDARG00000101653,zgc:110171,4,protein_coding"
"1707","ENSDARG00000100515,dusp1,14,protein_coding"
"1708","ENSDARG00000103766,cyp2aa7,23,protein_coding"
"1709","ENSDARG00000104883,PCMTD2,,"
"1710","ENSDARG00000099871,myo7aa,18,protein_coding"
"1711","ENSDARG00000100225,kif16ba,1,protein_coding"
"1712","ENSDARG00000100437,otud4,4,protein_coding"
"1713","ENSDARG00000103833,si:dkey-77g12.1,14,protein_coding"
"1714","ENSDARG00000101181,s100w,16,protein_coding"
"1715","ENSDARG00000101609,si:dkey-109a10.2,8,protein_coding"
"1716","ENSDARG00000098121,si:ch73-14h10.4,6,lincRNA"
"1717","ENSDARG00000099569,si:ch73-49o18.2,19,lincRNA"
"1718","ENSDARG00000104850,si:dkey-16p6.1,4,protein_coding"
"1719","ENSDARG00000099274,atxn3,17,protein_coding"
"1720","ENSDARG00000100582,si:ch211-195b11.3,14,protein_coding"
"1721","ENSDARG00000104076,rnf126,2,protein_coding"
"1722","ENSDARG00000099728,zgc:56622,18,protein_coding"
"1723","ENSDARG00000102657,LMAN2L,,"
"1724","ENSDARG00000099673,si:dkey-203a12.5,14,protein_coding"
"1725","ENSDARG00000101277,znf207b,6,protein_coding"
"1726","ENSDARG00000101624,lmnb2,22,protein_coding"
"1727","ENSDARG00000100462,paqr7a,19,protein_coding"
"1728","ENSDARG00000102704,si:ch1073-376c22.1,19,protein_coding"
"1729","ENSDARG00000101337,zgc:103700,8,protein_coding"
"1730","ENSDARG00000098706,si:ch73-236c18.7,1,protein_coding"
"1731","ENSDARG00000100119,caskb,6,protein_coding"
"1732","ENSDARG00000102257,soul3,KN150178.1,protein_coding"
"1733","ENSDARG00000100265,rhcgb,25,protein_coding"
"1734","ENSDARG00000099943,mapre2,24,protein_coding"
"1735","ENSDARG00000098538,CABZ01112049.1,KN150189.1,protein_coding"
"1736","ENSDARG00000103978,sh3bp5b,16,protein_coding"
"1737","ENSDARG00000099541,DEPDC1B,KN150240.1,protein_coding"
"1738","ENSDARG00000105154,creg1,KN150699.1,protein_coding"
"1739","ENSDARG00000104049,crebl2,4,protein_coding"
"1740","ENSDARG00000101578,e2f4,25,protein_coding"
"1741","ENSDARG00000104181,si:dkey-152p16.6,14,protein_coding"
"1742","ENSDARG00000098396,LRG1,,"
"1743","ENSDARG00000104396,trim25,6,protein_coding"
"1744","ENSDARG00000101109,cldn15b,5,protein_coding"
"1745","ENSDARG00000102852,CABZ01061502.1,22,protein_coding"
"1746","ENSDARG00000099760,CT573263.1,4,protein_coding"
"1747","ENSDARG00000099885,trim105,14,protein_coding"
"1748","ENSDARG00000105096,si:ch1073-67j19.1,4,protein_coding"
"1749","ENSDARG00000101029,si:ch73-347e22.4,19,protein_coding"
"1750","ENSDARG00000100331,SMIM10L2A,3,protein_coding"
"1751","ENSDARG00000105068,SMIM22,3,protein_coding"
"1752","ENSDARG00000100431,spaca4l,19,protein_coding"
"1753","ENSDARG00000100614,zgc:171497,KN150335.1,protein_coding"
"1754","ENSDARG00000104287,oraov1,7,protein_coding"
"1755","ENSDARG00000103361,tshz3b,7,protein_coding"
"1756","ENSDARG00000099519,zgc:66475,2,protein_coding"
"1757","ENSDARG00000099889,DUSP27,15,protein_coding"
"1758","ENSDARG00000100798,BX470200.2,4,protein_coding"
"1759","ENSDARG00000098681,si:ch73-138e16.7,22,processed_transcript"
"1760","ENSDARG00000099719,cdkn1d,KN149955.1,protein_coding"
"1761","ENSDARG00000101583,CU927920.1,23,protein_coding"
"1762","ENSDARG00000103924,zgc:154055,17,protein_coding"
"1763","ENSDARG00000099401,ccl33.3,25,processed_transcript"
"1764","ENSDARG00000105033,BX897691.1,1,protein_coding"
"1765","ENSDARG00000102435,plekhf1,7,protein_coding"
"1766","ENSDARG00000099248,si:dkey-2j6.2,5,TR_V_gene"
"1767","ENSDARG00000102048,slc25a43,14,protein_coding"
"1768","ENSDARG00000099811,si:dkey-203a12.7,14,protein_coding"
"1769","ENSDARG00000103679,bmp16,18,protein_coding"
"1770","ENSDARG00000105270,CABZ01080198.1,KN149921.1,protein_coding"
"1771","ENSDARG00000098591,tubb2b,8,protein_coding"
"1772","ENSDARG00000103357,otud4,4,protein_coding"
"1773","ENSDARG00000103249,CU463109.1,18,protein_coding"
"1774","ENSDARG00000103453,zfpl1,5,protein_coding"
"1775","ENSDARG00000099469,si:dkey-13m3.1,15,lincRNA"
"1776","ENSDARG00000103480,BX640512.1,5,protein_coding"
"1777","ENSDARG00000104947,si:ch211-194m7.8,25,protein_coding"
"1778","ENSDARG00000100636,rbm12,11,protein_coding"
"1779","ENSDARG00000099351,igfbp1a,20,protein_coding"
"1780","ENSDARG00000100054,,16,protein_coding"
"1781","ENSDARG00000102955,si:ch211-11c3.12,11,protein_coding"
"1782","ENSDARG00000100701,CABZ01068023.1,KN150492.1,protein_coding"
"1783","ENSDARG00000098957,BX908782.1,2,protein_coding"
"1784","ENSDARG00000099056,ACAA2,,"
"1785","ENSDARG00000100927,NFATC2,,"
"1786","ENSDARG00000102841,CABZ01053753.1,9,protein_coding"
"1787","ENSDARG00000102150,CR352258.2,3,protein_coding"
"1788","ENSDARG00000098766,pcxa,21,protein_coding"
"1789","ENSDARG00000102415,scinla,6,protein_coding"
"1790","ENSDARG00000103770,ARMC6,2,protein_coding"
"1791","ENSDARG00000098155,si:dkeyp-3b12.11,4,rRNA"
"1792","ENSDARG00000102555,si:dkey-33i11.9,16,protein_coding"
"1793","ENSDARG00000101050,TMC8,11,protein_coding"
"1794","ENSDARG00000100250,ftr41,3,protein_coding"
"1795","ENSDARG00000102975,hmp19,21,protein_coding"
"1796","ENSDARG00000101034,ZC3H12A,,"
"1797","ENSDARG00000098710,si:dkey-183c6.5,7,antisense"
"1798","ENSDARG00000101088,si:ch73-359m17.5,19,protein_coding"
"1799","ENSDARG00000101793,mfn1b,11,protein_coding"
"1800","ENSDARG00000102271,si:dkey-203a12.2,14,protein_coding"
"1801","ENSDARG00000098581,si:ch211-11c3.4,11,lincRNA"
"1802","ENSDARG00000098774,si:zfos-741a10.3,14,protein_coding"
"1803","ENSDARG00000104806,fbxw11a,KN150273.1,protein_coding"
"1804","ENSDARG00000104077,fcer1gl,2,protein_coding"
"1805","ENSDARG00000098700,il1b,10,protein_coding"
"1806","ENSDARG00000098929,tex15,10,protein_coding"
"1807","ENSDARG00000104519,KDELR3,,"
"1808","ENSDARG00000101479,BX908782.3,2,protein_coding"
"1809","ENSDARG00000101989,THRAP3,,"
"1810","ENSDARG00000098820,ftr67,2,protein_coding"
"1811","ENSDARG00000098608,si:dkey-224j12.6,11,lincRNA"
"1812","ENSDARG00000100233,si:ch1073-100e22.1,14,lincRNA"
"1813","ENSDARG00000102617,TIMP4,,"
"1814","ENSDARG00000100051,si:dkey-203a12.6,14,protein_coding"
"1815","ENSDARG00000098976,CU457778.1,4,protein_coding"
"1816","ENSDARG00000100427,BX547934.1,24,protein_coding"
"1817","ENSDARG00000102514,CXCL11,,"
"1818","ENSDARG00000101502,CR753816.1,25,protein_coding"
"1819","ENSDARG00000099411,zgc:158343,5,protein_coding"
"1820","ENSDARG00000102537,CABZ01007816.1,7,protein_coding"
"1821","ENSDARG00000102766,dennd4c,7,protein_coding"
"1822","ENSDARG00000103532,CR855393.3,7,protein_coding"
"1823","ENSDARG00000098787,si:dkey-10p5.7,6,protein_coding"
"1824","ENSDARG00000099936,nlrc3l,15,protein_coding"
"1825","ENSDARG00000104643,tuba7l,10,protein_coding"
"1826","ENSDARG00000098447,BX321873.1,4,protein_coding"
"1827","ENSDARG00000104539,OLFML2A,,"
"1828","ENSDARG00000102868,si:dkey-203a12.4,14,protein_coding"
"1829","ENSDARG00000100715,tlk1b,6,protein_coding"
"1830","ENSDARG00000102493,ticam1,22,protein_coding"
"1831","ENSDARG00000099672,capgb,12,protein_coding"
"1832","ENSDARG00000099775,CABZ01074309.1,KN150487.1,protein_coding"
"1833","ENSDARG00000099518,si:ch211-119e14.1,7,protein_coding"
"1834","ENSDARG00000104185,AL831726.2,22,protein_coding"
"1835","ENSDARG00000102357,si:ch211-268b14.1,4,processed_transcript"
"1836","ENSDARG00000103851,tnrc6c2,6,protein_coding"
"1837","ENSDARG00000101999,cog3,9,protein_coding"
"1838","ENSDARG00000102972,CABZ01075125.1,12,protein_coding"
"1839","ENSDARG00000102717,TMEM42,,"
"1840","ENSDARG00000099689,si:dkey-203a12.3,14,protein_coding"
"1841","ENSDARG00000099600,si:dkey-93h22.7,11,protein_coding"
"1842","ENSDARG00000100968,si:ch211-1a19.3,11,protein_coding"
"1843","ENSDARG00000102389,ved,10,protein_coding"
"1844","ENSDARG00000102239,si:ch211-195e19.3,13,lincRNA"
"1845","ENSDARG00000105259,si:ch211-11c3.6,11,lincRNA"
